Unnamed: 0,Protein sequence,SMILES,Binding,Enzyme ID,Substrate ID,Publication,Validated,RHEA_ID,EC number,reaction_SMILES
61615,MAGNSAAAGGDIDESLYSRQLYVLGHDAMRRMANSDILLSGLGGLGLEIAKNVILGGVKSITLHDTATCGLHDLSSQFYLTEADIGKNRAEASCAQLAELNNYVRTVSHTGPLTEEFLRKFRVVVLTNSDGEEQQRIAKFAHENGIALIIAETRGLFAKVFCDFGESFTIYDQDGTQPISTMIASITHDAQGVVTCLDETRHGFNDGDYVTFSEVQGMQELNGCQPLKITVLGPYTFSIGDTSKFGEYKSGGVATQVKMPKTISFKPLAQATEEPEFLISDFAKLDSPATLHVAFNALSCYRKAHNGALPRPWNEEDANSFLEVVRASSNAEVDEKLVLQFAKICSGNTCPLDAAVGGIVAQEVLKACSGKFTPIYQWLYFDALECLPTEGVEEADAQPVGSRYDSQIAIFGKKFQEKLADSKWFIVGAGAIGCELLKNFGMLGLGTGNGQIFVTDMDLIEKSNLNRQFLFRPHDVQKPKSMTAADAIKRMNPEVNVTAYELRVGAETEKVFSEDFFGKLDGVANALDNVDARIYMDRKCIFNRIPLVETGTLGTLGNVQVIVPFATESYSSSQDPPEKSIPICTLKNFPNAIEHTLQWARDAFEGVFKQSAENAAQYIADPQFTERIAKLPGIQPLEILDSIKKALIDDKPKSFAHCVEWARLYWEDQYVNQIKQLLFNFPPDQITSSGQPFWSGPKRCPDPLVFDVNDPMHLDFIYAAANLRAEVYGIEQVRNRETIAELVQKVKVPEFKPRSGVKIETNEAAAAASANNFDDGELDQDRVDKIISELLKNADKSSKITPLEFEKDDDSNLHMDFIVACSNLRAANYKIPPADRHKSKLIAGKIIPAIATTTSVLSGLAVLEVIKLIVGHRDLVKFKNGFANLALPFMAFSEPLPAAKNTYYGKEWTLWDRFEVTGELSLQEFLNYFEENEKLKITMLSQGVSMLYSFFMPKAKCSERLPLPMSEVVRRVSKRRLEPHERSLVFEICCNDVDGEDVEVPYVRYTLP,Nc1ncnc2c1ncn2[C@@H]1O[C@H](COP(=O)(O)O)[C@@H](O)[C@H]1O,1.0,A0A0B4KF46,C00020,https://doi.org/10.1038/s41467-023-38347-2,True,,,
64132,MDSFWVQSAIGAIKAIAFVYDIITLPVYLVLQKPWKRRQDSRRVKAKPINQKMLVDESKYAPDDIEAKIVRNDDNELTYRTTDPPRDVHVKMLQENIDTLEKVFNYVAKTYTSKRCLGTRQILSEEDEVQQNGRVFKKYNLGDYKWKTFTEAERTAANFGRGLRELGQKPRENIVIFAETRAEWMIAAHGCFKQAMPIVTVYATLGDDGVAHCITETEVTTVITSHDLLPKFKTLLDKCPLVKTIIYIEDQLQKTETTGFKEGVKILPFNQVVKTGQDSKFEHVPPKGDDIAIIMYTSGSTGTPKGVLLSHKNCIATMKGFVDMVPIYPDDVLIGFLPLAHVFELVAESVCLMTGVPIGYSTPLTLIDTSSKIKRGCKGDATVLKPTCMTSVPLILDRISKGINDKVNSGSAFKKSLFKFLYQYKVKWVQRGYKTPLIDKLVFKKVAKLMGGKVRIIMSGGAPLSADTHEQIKTCLCLELIQGYGLTETTSGATVMDYRDMTYGRTGGPLTVCDIRLVNWEEGNYRVTNKPYPQGEVLIGGECVSQGYYKLPGKTNEDFFEEDGQRWFKTGDIGEIQADGVLKIIDRKKDLVKLQAGEYVSLGKVESELKTCGIIENICVYGDPTKQYTVALVVPNQNHLEELAQKHGLGDKSFEELCSSPIIEKAILKEIAEHARKCKLQKYEVPAAITLCKEVWSPDMGLVTAAFKLKRKDIQDRYQHDINRMYAS,CCCCCCCCCCCCCCCC(=O)O,1.0,A0A0B4KFE4,C00249,https://doi.org/10.1038/s41467-023-38347-2,True,,,
69687,MGSTAPLRLPVIDLSMKNLKPGTTSWNSVRTQVREALEEYGCFEAVIDAVSPELQKAVCNKGHELLNLPLETKMLNGNKPEYDGFTSIPNLNEGMGVGRITDLEKVERFTNLMWPEGNKDFCETVYSYGKRMAEVDHILKMMVFESFGMEKHFDSFCESTNYLLHFMRYQQPGKDGRSPALSLHKDKSILTIVNQNDVKGLEFETKDGEWILPTADNHIVLLGDCFMAWSNGRLHSPLHRVTLVANQARLSTSSFSFPKDIIETPAELVDEEHPLLFNPFEITELLAYCFTKEGAKAVCDLKQYKAYTGA,O=C(O)CCC(=O)C(=O)O,1.0,A0A0N9HQ36,C00026,https://doi.org/10.1038/s41467-023-38347-2,True,,,
71909,TIVKAAAVQISPVLYSREGTVERVVKKIRELGEKGVQFATFPETVIPYYPYFSFVQTPLQILAGPEHLKLLDQSVTVPSPATDAIGQAARQAGMVVSIGVNERDGGTLYNTQLLFDADGALIQRRRKIKPTHYERMIWGEGDGSGLRAVDSQVGRIGQLACWEHNNPLARYAMMADGEQIHSAMYPGSMFGDPFAQKTEINIRQHALESGCFVVCSTAWLDADQQAQIMQDTGCAIGPISGGCLTAIVAPDGTFLGEPLTSGEGEVIADLDFKLIDKRKQTMDS,N#Cc1ccc(N)cc1,0.0,1a1,152697,https://doi.org/10.1002/prot.26019,True,,,
71910,TIVKAAAVQISPVLYSREGTVERVVKKIRELGEKGVQFATFPETVIPYYPYFSFVQTPLQILAGPEHLKLLDQSVTVPSPATDAIGQAARQAGMVVSIGVNERDGGTLYNTQLLFDADGALIQRRRKIKPTHYERMIWGEGDGSGLRAVDSQVGRIGQLACWEHNNPLARYAMMADGEQIHSAMYPGSMFGDPFAQKTEINIRQHALESGCFVVCSTAWLDADQQAQIMQDTGCAIGPISGGCLTAIVAPDGTFLGEPLTSGEGEVIADLDFKLIDKRKQTMDS,N#CCc1ccc([N+](=O)[O-])cc1,0.0,1a1,154682,https://doi.org/10.1002/prot.26019,True,,,
71911,TIVKAAAVQISPVLYSREGTVERVVKKIRELGEKGVQFATFPETVIPYYPYFSFVQTPLQILAGPEHLKLLDQSVTVPSPATDAIGQAARQAGMVVSIGVNERDGGTLYNTQLLFDADGALIQRRRKIKPTHYERMIWGEGDGSGLRAVDSQVGRIGQLACWEHNNPLARYAMMADGEQIHSAMYPGSMFGDPFAQKTEINIRQHALESGCFVVCSTAWLDADQQAQIMQDTGCAIGPISGGCLTAIVAPDGTFLGEPLTSGEGEVIADLDFKLIDKRKQTMDS,CN(C)c1ccc(C#N)cc1,1.0,1a1,155390,https://doi.org/10.1002/prot.26019,True,,,
71912,TIVKAAAVQISPVLYSREGTVERVVKKIRELGEKGVQFATFPETVIPYYPYFSFVQTPLQILAGPEHLKLLDQSVTVPSPATDAIGQAARQAGMVVSIGVNERDGGTLYNTQLLFDADGALIQRRRKIKPTHYERMIWGEGDGSGLRAVDSQVGRIGQLACWEHNNPLARYAMMADGEQIHSAMYPGSMFGDPFAQKTEINIRQHALESGCFVVCSTAWLDADQQAQIMQDTGCAIGPISGGCLTAIVAPDGTFLGEPLTSGEGEVIADLDFKLIDKRKQTMDS,N#Cc1ccc(Cl)cc1,1.0,1a1,157255,https://doi.org/10.1002/prot.26019,True,,,
71913,TIVKAAAVQISPVLYSREGTVERVVKKIRELGEKGVQFATFPETVIPYYPYFSFVQTPLQILAGPEHLKLLDQSVTVPSPATDAIGQAARQAGMVVSIGVNERDGGTLYNTQLLFDADGALIQRRRKIKPTHYERMIWGEGDGSGLRAVDSQVGRIGQLACWEHNNPLARYAMMADGEQIHSAMYPGSMFGDPFAQKTEINIRQHALESGCFVVCSTAWLDADQQAQIMQDTGCAIGPISGGCLTAIVAPDGTFLGEPLTSGEGEVIADLDFKLIDKRKQTMDS,N#Cc1c(Cl)cccc1Cl,0.0,1a1,157318,https://doi.org/10.1002/prot.26019,True,,,
71914,TIVKAAAVQISPVLYSREGTVERVVKKIRELGEKGVQFATFPETVIPYYPYFSFVQTPLQILAGPEHLKLLDQSVTVPSPATDAIGQAARQAGMVVSIGVNERDGGTLYNTQLLFDADGALIQRRRKIKPTHYERMIWGEGDGSGLRAVDSQVGRIGQLACWEHNNPLARYAMMADGEQIHSAMYPGSMFGDPFAQKTEINIRQHALESGCFVVCSTAWLDADQQAQIMQDTGCAIGPISGGCLTAIVAPDGTFLGEPLTSGEGEVIADLDFKLIDKRKQTMDS,N#Cc1ccccc1N,0.0,1a1,157544,https://doi.org/10.1002/prot.26019,True,,,
71915,TIVKAAAVQISPVLYSREGTVERVVKKIRELGEKGVQFATFPETVIPYYPYFSFVQTPLQILAGPEHLKLLDQSVTVPSPATDAIGQAARQAGMVVSIGVNERDGGTLYNTQLLFDADGALIQRRRKIKPTHYERMIWGEGDGSGLRAVDSQVGRIGQLACWEHNNPLARYAMMADGEQIHSAMYPGSMFGDPFAQKTEINIRQHALESGCFVVCSTAWLDADQQAQIMQDTGCAIGPISGGCLTAIVAPDGTFLGEPLTSGEGEVIADLDFKLIDKRKQTMDS,COc1ccc(C#N)cc1,1.0,1a1,159092,https://doi.org/10.1002/prot.26019,True,,,
71916,TIVKAAAVQISPVLYSREGTVERVVKKIRELGEKGVQFATFPETVIPYYPYFSFVQTPLQILAGPEHLKLLDQSVTVPSPATDAIGQAARQAGMVVSIGVNERDGGTLYNTQLLFDADGALIQRRRKIKPTHYERMIWGEGDGSGLRAVDSQVGRIGQLACWEHNNPLARYAMMADGEQIHSAMYPGSMFGDPFAQKTEINIRQHALESGCFVVCSTAWLDADQQAQIMQDTGCAIGPISGGCLTAIVAPDGTFLGEPLTSGEGEVIADLDFKLIDKRKQTMDS,N#C/C=C/c1ccccc1,1.0,1a1,1675000,https://doi.org/10.1002/prot.26019,True,,,
71917,TIVKAAAVQISPVLYSREGTVERVVKKIRELGEKGVQFATFPETVIPYYPYFSFVQTPLQILAGPEHLKLLDQSVTVPSPATDAIGQAARQAGMVVSIGVNERDGGTLYNTQLLFDADGALIQRRRKIKPTHYERMIWGEGDGSGLRAVDSQVGRIGQLACWEHNNPLARYAMMADGEQIHSAMYPGSMFGDPFAQKTEINIRQHALESGCFVVCSTAWLDADQQAQIMQDTGCAIGPISGGCLTAIVAPDGTFLGEPLTSGEGEVIADLDFKLIDKRKQTMDS,N#CCCc1ccccc1,1.0,1a1,1747831,https://doi.org/10.1002/prot.26019,True,,,
71919,TIVKAAAVQISPVLYSREGTVERVVKKIRELGEKGVQFATFPETVIPYYPYFSFVQTPLQILAGPEHLKLLDQSVTVPSPATDAIGQAARQAGMVVSIGVNERDGGTLYNTQLLFDADGALIQRRRKIKPTHYERMIWGEGDGSGLRAVDSQVGRIGQLACWEHNNPLARYAMMADGEQIHSAMYPGSMFGDPFAQKTEINIRQHALESGCFVVCSTAWLDADQQAQIMQDTGCAIGPISGGCLTAIVAPDGTFLGEPLTSGEGEVIADLDFKLIDKRKQTMDS,C[C@@H](C#N)CCC#N,1.0,1a1,2037734,https://doi.org/10.1002/prot.26019,True,,,
71920,TIVKAAAVQISPVLYSREGTVERVVKKIRELGEKGVQFATFPETVIPYYPYFSFVQTPLQILAGPEHLKLLDQSVTVPSPATDAIGQAARQAGMVVSIGVNERDGGTLYNTQLLFDADGALIQRRRKIKPTHYERMIWGEGDGSGLRAVDSQVGRIGQLACWEHNNPLARYAMMADGEQIHSAMYPGSMFGDPFAQKTEINIRQHALESGCFVVCSTAWLDADQQAQIMQDTGCAIGPISGGCLTAIVAPDGTFLGEPLTSGEGEVIADLDFKLIDKRKQTMDS,C[C@@H](C#N)c1ccccc1,0.0,1a1,2039218,https://doi.org/10.1002/prot.26019,True,,,
71922,TIVKAAAVQISPVLYSREGTVERVVKKIRELGEKGVQFATFPETVIPYYPYFSFVQTPLQILAGPEHLKLLDQSVTVPSPATDAIGQAARQAGMVVSIGVNERDGGTLYNTQLLFDADGALIQRRRKIKPTHYERMIWGEGDGSGLRAVDSQVGRIGQLACWEHNNPLARYAMMADGEQIHSAMYPGSMFGDPFAQKTEINIRQHALESGCFVVCSTAWLDADQQAQIMQDTGCAIGPISGGCLTAIVAPDGTFLGEPLTSGEGEVIADLDFKLIDKRKQTMDS,N#Cc1cccc(C#N)c1,0.0,1a1,388279,https://doi.org/10.1002/prot.26019,True,,,
71923,TIVKAAAVQISPVLYSREGTVERVVKKIRELGEKGVQFATFPETVIPYYPYFSFVQTPLQILAGPEHLKLLDQSVTVPSPATDAIGQAARQAGMVVSIGVNERDGGTLYNTQLLFDADGALIQRRRKIKPTHYERMIWGEGDGSGLRAVDSQVGRIGQLACWEHNNPLARYAMMADGEQIHSAMYPGSMFGDPFAQKTEINIRQHALESGCFVVCSTAWLDADQQAQIMQDTGCAIGPISGGCLTAIVAPDGTFLGEPLTSGEGEVIADLDFKLIDKRKQTMDS,N#Cc1ccc(O)cc1,0.0,1a1,388759,https://doi.org/10.1002/prot.26019,True,,,
71925,TIVKAAAVQISPVLYSREGTVERVVKKIRELGEKGVQFATFPETVIPYYPYFSFVQTPLQILAGPEHLKLLDQSVTVPSPATDAIGQAARQAGMVVSIGVNERDGGTLYNTQLLFDADGALIQRRRKIKPTHYERMIWGEGDGSGLRAVDSQVGRIGQLACWEHNNPLARYAMMADGEQIHSAMYPGSMFGDPFAQKTEINIRQHALESGCFVVCSTAWLDADQQAQIMQDTGCAIGPISGGCLTAIVAPDGTFLGEPLTSGEGEVIADLDFKLIDKRKQTMDS,N#CCC(=O)c1ccccc1,0.0,1a1,74119,https://doi.org/10.1002/prot.26019,True,,,
71927,TIVKAAAVQISPVLYSREGTVERVVKKIRELGEKGVQFATFPETVIPYYPYFSFVQTPLQILAGPEHLKLLDQSVTVPSPATDAIGQAARQAGMVVSIGVNERDGGTLYNTQLLFDADGALIQRRRKIKPTHYERMIWGEGDGSGLRAVDSQVGRIGQLACWEHNNPLARYAMMADGEQIHSAMYPGSMFGDPFAQKTEINIRQHALESGCFVVCSTAWLDADQQAQIMQDTGCAIGPISGGCLTAIVAPDGTFLGEPLTSGEGEVIADLDFKLIDKRKQTMDS,N#Cc1ccccc1,0.0,1a1,899417,https://doi.org/10.1002/prot.26019,True,,,
71929,STVRVAAVQISPVLYNREATVQKVVNKILELGKQGVQFATFPETIVPYYPYFSFIQAPYAMGKEHLRLLEQSVTVPSAATDAISEAAKEANMVVSIGVNERDGGTIYNTQLLFDADGTLIQRRRKLTPTYHERMIWGQGDASGLRATDSAVGRIGQLACWEHYNPLFRYALIADGEQIHSAMYPGSFLGALHGEQTEINVRQHALESASFVVVATGWLDADQQAQIAKDTGGPIGPISGGCFTAVIGPDGQLIGEALTSGEGEVIADIDLAQIDARKRLMDA,N#Cc1ccc(N)cc1,0.0,1a17,152697,https://doi.org/10.1002/prot.26019,True,,,
71930,STVRVAAVQISPVLYNREATVQKVVNKILELGKQGVQFATFPETIVPYYPYFSFIQAPYAMGKEHLRLLEQSVTVPSAATDAISEAAKEANMVVSIGVNERDGGTIYNTQLLFDADGTLIQRRRKLTPTYHERMIWGQGDASGLRATDSAVGRIGQLACWEHYNPLFRYALIADGEQIHSAMYPGSFLGALHGEQTEINVRQHALESASFVVVATGWLDADQQAQIAKDTGGPIGPISGGCFTAVIGPDGQLIGEALTSGEGEVIADIDLAQIDARKRLMDA,N#CCc1ccc([N+](=O)[O-])cc1,1.0,1a17,154682,https://doi.org/10.1002/prot.26019,True,,,
71931,STVRVAAVQISPVLYNREATVQKVVNKILELGKQGVQFATFPETIVPYYPYFSFIQAPYAMGKEHLRLLEQSVTVPSAATDAISEAAKEANMVVSIGVNERDGGTIYNTQLLFDADGTLIQRRRKLTPTYHERMIWGQGDASGLRATDSAVGRIGQLACWEHYNPLFRYALIADGEQIHSAMYPGSFLGALHGEQTEINVRQHALESASFVVVATGWLDADQQAQIAKDTGGPIGPISGGCFTAVIGPDGQLIGEALTSGEGEVIADIDLAQIDARKRLMDA,CN(C)c1ccc(C#N)cc1,1.0,1a17,155390,https://doi.org/10.1002/prot.26019,True,,,
71932,STVRVAAVQISPVLYNREATVQKVVNKILELGKQGVQFATFPETIVPYYPYFSFIQAPYAMGKEHLRLLEQSVTVPSAATDAISEAAKEANMVVSIGVNERDGGTIYNTQLLFDADGTLIQRRRKLTPTYHERMIWGQGDASGLRATDSAVGRIGQLACWEHYNPLFRYALIADGEQIHSAMYPGSFLGALHGEQTEINVRQHALESASFVVVATGWLDADQQAQIAKDTGGPIGPISGGCFTAVIGPDGQLIGEALTSGEGEVIADIDLAQIDARKRLMDA,N#Cc1ccc(Cl)cc1,1.0,1a17,157255,https://doi.org/10.1002/prot.26019,True,,,
71933,STVRVAAVQISPVLYNREATVQKVVNKILELGKQGVQFATFPETIVPYYPYFSFIQAPYAMGKEHLRLLEQSVTVPSAATDAISEAAKEANMVVSIGVNERDGGTIYNTQLLFDADGTLIQRRRKLTPTYHERMIWGQGDASGLRATDSAVGRIGQLACWEHYNPLFRYALIADGEQIHSAMYPGSFLGALHGEQTEINVRQHALESASFVVVATGWLDADQQAQIAKDTGGPIGPISGGCFTAVIGPDGQLIGEALTSGEGEVIADIDLAQIDARKRLMDA,N#Cc1c(Cl)cccc1Cl,0.0,1a17,157318,https://doi.org/10.1002/prot.26019,True,,,
71934,STVRVAAVQISPVLYNREATVQKVVNKILELGKQGVQFATFPETIVPYYPYFSFIQAPYAMGKEHLRLLEQSVTVPSAATDAISEAAKEANMVVSIGVNERDGGTIYNTQLLFDADGTLIQRRRKLTPTYHERMIWGQGDASGLRATDSAVGRIGQLACWEHYNPLFRYALIADGEQIHSAMYPGSFLGALHGEQTEINVRQHALESASFVVVATGWLDADQQAQIAKDTGGPIGPISGGCFTAVIGPDGQLIGEALTSGEGEVIADIDLAQIDARKRLMDA,N#Cc1ccccc1N,0.0,1a17,157544,https://doi.org/10.1002/prot.26019,True,,,
71935,STVRVAAVQISPVLYNREATVQKVVNKILELGKQGVQFATFPETIVPYYPYFSFIQAPYAMGKEHLRLLEQSVTVPSAATDAISEAAKEANMVVSIGVNERDGGTIYNTQLLFDADGTLIQRRRKLTPTYHERMIWGQGDASGLRATDSAVGRIGQLACWEHYNPLFRYALIADGEQIHSAMYPGSFLGALHGEQTEINVRQHALESASFVVVATGWLDADQQAQIAKDTGGPIGPISGGCFTAVIGPDGQLIGEALTSGEGEVIADIDLAQIDARKRLMDA,COc1ccc(C#N)cc1,1.0,1a17,159092,https://doi.org/10.1002/prot.26019,True,,,
71936,STVRVAAVQISPVLYNREATVQKVVNKILELGKQGVQFATFPETIVPYYPYFSFIQAPYAMGKEHLRLLEQSVTVPSAATDAISEAAKEANMVVSIGVNERDGGTIYNTQLLFDADGTLIQRRRKLTPTYHERMIWGQGDASGLRATDSAVGRIGQLACWEHYNPLFRYALIADGEQIHSAMYPGSFLGALHGEQTEINVRQHALESASFVVVATGWLDADQQAQIAKDTGGPIGPISGGCFTAVIGPDGQLIGEALTSGEGEVIADIDLAQIDARKRLMDA,N#C/C=C/c1ccccc1,1.0,1a17,1675000,https://doi.org/10.1002/prot.26019,True,,,
71937,STVRVAAVQISPVLYNREATVQKVVNKILELGKQGVQFATFPETIVPYYPYFSFIQAPYAMGKEHLRLLEQSVTVPSAATDAISEAAKEANMVVSIGVNERDGGTIYNTQLLFDADGTLIQRRRKLTPTYHERMIWGQGDASGLRATDSAVGRIGQLACWEHYNPLFRYALIADGEQIHSAMYPGSFLGALHGEQTEINVRQHALESASFVVVATGWLDADQQAQIAKDTGGPIGPISGGCFTAVIGPDGQLIGEALTSGEGEVIADIDLAQIDARKRLMDA,N#CCCc1ccccc1,1.0,1a17,1747831,https://doi.org/10.1002/prot.26019,True,,,
71939,STVRVAAVQISPVLYNREATVQKVVNKILELGKQGVQFATFPETIVPYYPYFSFIQAPYAMGKEHLRLLEQSVTVPSAATDAISEAAKEANMVVSIGVNERDGGTIYNTQLLFDADGTLIQRRRKLTPTYHERMIWGQGDASGLRATDSAVGRIGQLACWEHYNPLFRYALIADGEQIHSAMYPGSFLGALHGEQTEINVRQHALESASFVVVATGWLDADQQAQIAKDTGGPIGPISGGCFTAVIGPDGQLIGEALTSGEGEVIADIDLAQIDARKRLMDA,C[C@@H](C#N)CCC#N,1.0,1a17,2037734,https://doi.org/10.1002/prot.26019,True,,,
71940,STVRVAAVQISPVLYNREATVQKVVNKILELGKQGVQFATFPETIVPYYPYFSFIQAPYAMGKEHLRLLEQSVTVPSAATDAISEAAKEANMVVSIGVNERDGGTIYNTQLLFDADGTLIQRRRKLTPTYHERMIWGQGDASGLRATDSAVGRIGQLACWEHYNPLFRYALIADGEQIHSAMYPGSFLGALHGEQTEINVRQHALESASFVVVATGWLDADQQAQIAKDTGGPIGPISGGCFTAVIGPDGQLIGEALTSGEGEVIADIDLAQIDARKRLMDA,C[C@@H](C#N)c1ccccc1,0.0,1a17,2039218,https://doi.org/10.1002/prot.26019,True,,,
71942,STVRVAAVQISPVLYNREATVQKVVNKILELGKQGVQFATFPETIVPYYPYFSFIQAPYAMGKEHLRLLEQSVTVPSAATDAISEAAKEANMVVSIGVNERDGGTIYNTQLLFDADGTLIQRRRKLTPTYHERMIWGQGDASGLRATDSAVGRIGQLACWEHYNPLFRYALIADGEQIHSAMYPGSFLGALHGEQTEINVRQHALESASFVVVATGWLDADQQAQIAKDTGGPIGPISGGCFTAVIGPDGQLIGEALTSGEGEVIADIDLAQIDARKRLMDA,N#Cc1cccc(C#N)c1,1.0,1a17,388279,https://doi.org/10.1002/prot.26019,True,,,
71943,STVRVAAVQISPVLYNREATVQKVVNKILELGKQGVQFATFPETIVPYYPYFSFIQAPYAMGKEHLRLLEQSVTVPSAATDAISEAAKEANMVVSIGVNERDGGTIYNTQLLFDADGTLIQRRRKLTPTYHERMIWGQGDASGLRATDSAVGRIGQLACWEHYNPLFRYALIADGEQIHSAMYPGSFLGALHGEQTEINVRQHALESASFVVVATGWLDADQQAQIAKDTGGPIGPISGGCFTAVIGPDGQLIGEALTSGEGEVIADIDLAQIDARKRLMDA,N#Cc1ccc(O)cc1,0.0,1a17,388759,https://doi.org/10.1002/prot.26019,True,,,
71945,STVRVAAVQISPVLYNREATVQKVVNKILELGKQGVQFATFPETIVPYYPYFSFIQAPYAMGKEHLRLLEQSVTVPSAATDAISEAAKEANMVVSIGVNERDGGTIYNTQLLFDADGTLIQRRRKLTPTYHERMIWGQGDASGLRATDSAVGRIGQLACWEHYNPLFRYALIADGEQIHSAMYPGSFLGALHGEQTEINVRQHALESASFVVVATGWLDADQQAQIAKDTGGPIGPISGGCFTAVIGPDGQLIGEALTSGEGEVIADIDLAQIDARKRLMDA,N#CCC(=O)c1ccccc1,1.0,1a17,74119,https://doi.org/10.1002/prot.26019,True,,,
71947,STVRVAAVQISPVLYNREATVQKVVNKILELGKQGVQFATFPETIVPYYPYFSFIQAPYAMGKEHLRLLEQSVTVPSAATDAISEAAKEANMVVSIGVNERDGGTIYNTQLLFDADGTLIQRRRKLTPTYHERMIWGQGDASGLRATDSAVGRIGQLACWEHYNPLFRYALIADGEQIHSAMYPGSFLGALHGEQTEINVRQHALESASFVVVATGWLDADQQAQIAKDTGGPIGPISGGCFTAVIGPDGQLIGEALTSGEGEVIADIDLAQIDARKRLMDA,N#Cc1ccccc1,0.0,1a17,899417,https://doi.org/10.1002/prot.26019,True,,,
71949,KVVKAAAVQLSPVLYSREGTVERVVRKIHELGRQGVQFATFPETVVPYYPYFSFVQTPLQIIAGPEHLKLLDQAVTVPSPATDAISEAARQAGVVVSIGVNERDGGTLYNTQLLFDADGALIQRRRKITPTHFERMIWGQGDGSGLRAVDSKVGRIGQLACWEHNNPLARYAMIADGEQIHSAMYPGSMFGDPFAQKTEINIRQHALESACFVVCATAWLDADQQAQICKDTGCDIGPISGGCFTAIVAPDGLLGEPIRSGEGMVIVDLDFTLIDKRKQVMDS,N#Cc1ccc(N)cc1,0.0,1a2,152697,https://doi.org/10.1002/prot.26019,True,,,
71950,KVVKAAAVQLSPVLYSREGTVERVVRKIHELGRQGVQFATFPETVVPYYPYFSFVQTPLQIIAGPEHLKLLDQAVTVPSPATDAISEAARQAGVVVSIGVNERDGGTLYNTQLLFDADGALIQRRRKITPTHFERMIWGQGDGSGLRAVDSKVGRIGQLACWEHNNPLARYAMIADGEQIHSAMYPGSMFGDPFAQKTEINIRQHALESACFVVCATAWLDADQQAQICKDTGCDIGPISGGCFTAIVAPDGLLGEPIRSGEGMVIVDLDFTLIDKRKQVMDS,N#CCc1ccc([N+](=O)[O-])cc1,0.0,1a2,154682,https://doi.org/10.1002/prot.26019,True,,,
71951,KVVKAAAVQLSPVLYSREGTVERVVRKIHELGRQGVQFATFPETVVPYYPYFSFVQTPLQIIAGPEHLKLLDQAVTVPSPATDAISEAARQAGVVVSIGVNERDGGTLYNTQLLFDADGALIQRRRKITPTHFERMIWGQGDGSGLRAVDSKVGRIGQLACWEHNNPLARYAMIADGEQIHSAMYPGSMFGDPFAQKTEINIRQHALESACFVVCATAWLDADQQAQICKDTGCDIGPISGGCFTAIVAPDGLLGEPIRSGEGMVIVDLDFTLIDKRKQVMDS,CN(C)c1ccc(C#N)cc1,0.0,1a2,155390,https://doi.org/10.1002/prot.26019,True,,,
71952,KVVKAAAVQLSPVLYSREGTVERVVRKIHELGRQGVQFATFPETVVPYYPYFSFVQTPLQIIAGPEHLKLLDQAVTVPSPATDAISEAARQAGVVVSIGVNERDGGTLYNTQLLFDADGALIQRRRKITPTHFERMIWGQGDGSGLRAVDSKVGRIGQLACWEHNNPLARYAMIADGEQIHSAMYPGSMFGDPFAQKTEINIRQHALESACFVVCATAWLDADQQAQICKDTGCDIGPISGGCFTAIVAPDGLLGEPIRSGEGMVIVDLDFTLIDKRKQVMDS,N#Cc1ccc(Cl)cc1,1.0,1a2,157255,https://doi.org/10.1002/prot.26019,True,,,
71953,KVVKAAAVQLSPVLYSREGTVERVVRKIHELGRQGVQFATFPETVVPYYPYFSFVQTPLQIIAGPEHLKLLDQAVTVPSPATDAISEAARQAGVVVSIGVNERDGGTLYNTQLLFDADGALIQRRRKITPTHFERMIWGQGDGSGLRAVDSKVGRIGQLACWEHNNPLARYAMIADGEQIHSAMYPGSMFGDPFAQKTEINIRQHALESACFVVCATAWLDADQQAQICKDTGCDIGPISGGCFTAIVAPDGLLGEPIRSGEGMVIVDLDFTLIDKRKQVMDS,N#Cc1c(Cl)cccc1Cl,0.0,1a2,157318,https://doi.org/10.1002/prot.26019,True,,,
71954,KVVKAAAVQLSPVLYSREGTVERVVRKIHELGRQGVQFATFPETVVPYYPYFSFVQTPLQIIAGPEHLKLLDQAVTVPSPATDAISEAARQAGVVVSIGVNERDGGTLYNTQLLFDADGALIQRRRKITPTHFERMIWGQGDGSGLRAVDSKVGRIGQLACWEHNNPLARYAMIADGEQIHSAMYPGSMFGDPFAQKTEINIRQHALESACFVVCATAWLDADQQAQICKDTGCDIGPISGGCFTAIVAPDGLLGEPIRSGEGMVIVDLDFTLIDKRKQVMDS,N#Cc1ccccc1N,0.0,1a2,157544,https://doi.org/10.1002/prot.26019,True,,,
71955,KVVKAAAVQLSPVLYSREGTVERVVRKIHELGRQGVQFATFPETVVPYYPYFSFVQTPLQIIAGPEHLKLLDQAVTVPSPATDAISEAARQAGVVVSIGVNERDGGTLYNTQLLFDADGALIQRRRKITPTHFERMIWGQGDGSGLRAVDSKVGRIGQLACWEHNNPLARYAMIADGEQIHSAMYPGSMFGDPFAQKTEINIRQHALESACFVVCATAWLDADQQAQICKDTGCDIGPISGGCFTAIVAPDGLLGEPIRSGEGMVIVDLDFTLIDKRKQVMDS,COc1ccc(C#N)cc1,1.0,1a2,159092,https://doi.org/10.1002/prot.26019,True,,,
71956,KVVKAAAVQLSPVLYSREGTVERVVRKIHELGRQGVQFATFPETVVPYYPYFSFVQTPLQIIAGPEHLKLLDQAVTVPSPATDAISEAARQAGVVVSIGVNERDGGTLYNTQLLFDADGALIQRRRKITPTHFERMIWGQGDGSGLRAVDSKVGRIGQLACWEHNNPLARYAMIADGEQIHSAMYPGSMFGDPFAQKTEINIRQHALESACFVVCATAWLDADQQAQICKDTGCDIGPISGGCFTAIVAPDGLLGEPIRSGEGMVIVDLDFTLIDKRKQVMDS,N#C/C=C/c1ccccc1,1.0,1a2,1675000,https://doi.org/10.1002/prot.26019,True,,,
71957,KVVKAAAVQLSPVLYSREGTVERVVRKIHELGRQGVQFATFPETVVPYYPYFSFVQTPLQIIAGPEHLKLLDQAVTVPSPATDAISEAARQAGVVVSIGVNERDGGTLYNTQLLFDADGALIQRRRKITPTHFERMIWGQGDGSGLRAVDSKVGRIGQLACWEHNNPLARYAMIADGEQIHSAMYPGSMFGDPFAQKTEINIRQHALESACFVVCATAWLDADQQAQICKDTGCDIGPISGGCFTAIVAPDGLLGEPIRSGEGMVIVDLDFTLIDKRKQVMDS,N#CCCc1ccccc1,1.0,1a2,1747831,https://doi.org/10.1002/prot.26019,True,,,
71959,KVVKAAAVQLSPVLYSREGTVERVVRKIHELGRQGVQFATFPETVVPYYPYFSFVQTPLQIIAGPEHLKLLDQAVTVPSPATDAISEAARQAGVVVSIGVNERDGGTLYNTQLLFDADGALIQRRRKITPTHFERMIWGQGDGSGLRAVDSKVGRIGQLACWEHNNPLARYAMIADGEQIHSAMYPGSMFGDPFAQKTEINIRQHALESACFVVCATAWLDADQQAQICKDTGCDIGPISGGCFTAIVAPDGLLGEPIRSGEGMVIVDLDFTLIDKRKQVMDS,C[C@@H](C#N)CCC#N,0.0,1a2,2037734,https://doi.org/10.1002/prot.26019,True,,,
71960,KVVKAAAVQLSPVLYSREGTVERVVRKIHELGRQGVQFATFPETVVPYYPYFSFVQTPLQIIAGPEHLKLLDQAVTVPSPATDAISEAARQAGVVVSIGVNERDGGTLYNTQLLFDADGALIQRRRKITPTHFERMIWGQGDGSGLRAVDSKVGRIGQLACWEHNNPLARYAMIADGEQIHSAMYPGSMFGDPFAQKTEINIRQHALESACFVVCATAWLDADQQAQICKDTGCDIGPISGGCFTAIVAPDGLLGEPIRSGEGMVIVDLDFTLIDKRKQVMDS,C[C@@H](C#N)c1ccccc1,0.0,1a2,2039218,https://doi.org/10.1002/prot.26019,True,,,
71962,KVVKAAAVQLSPVLYSREGTVERVVRKIHELGRQGVQFATFPETVVPYYPYFSFVQTPLQIIAGPEHLKLLDQAVTVPSPATDAISEAARQAGVVVSIGVNERDGGTLYNTQLLFDADGALIQRRRKITPTHFERMIWGQGDGSGLRAVDSKVGRIGQLACWEHNNPLARYAMIADGEQIHSAMYPGSMFGDPFAQKTEINIRQHALESACFVVCATAWLDADQQAQICKDTGCDIGPISGGCFTAIVAPDGLLGEPIRSGEGMVIVDLDFTLIDKRKQVMDS,N#Cc1cccc(C#N)c1,0.0,1a2,388279,https://doi.org/10.1002/prot.26019,True,,,
71963,KVVKAAAVQLSPVLYSREGTVERVVRKIHELGRQGVQFATFPETVVPYYPYFSFVQTPLQIIAGPEHLKLLDQAVTVPSPATDAISEAARQAGVVVSIGVNERDGGTLYNTQLLFDADGALIQRRRKITPTHFERMIWGQGDGSGLRAVDSKVGRIGQLACWEHNNPLARYAMIADGEQIHSAMYPGSMFGDPFAQKTEINIRQHALESACFVVCATAWLDADQQAQICKDTGCDIGPISGGCFTAIVAPDGLLGEPIRSGEGMVIVDLDFTLIDKRKQVMDS,N#Cc1ccc(O)cc1,0.0,1a2,388759,https://doi.org/10.1002/prot.26019,True,,,
71965,KVVKAAAVQLSPVLYSREGTVERVVRKIHELGRQGVQFATFPETVVPYYPYFSFVQTPLQIIAGPEHLKLLDQAVTVPSPATDAISEAARQAGVVVSIGVNERDGGTLYNTQLLFDADGALIQRRRKITPTHFERMIWGQGDGSGLRAVDSKVGRIGQLACWEHNNPLARYAMIADGEQIHSAMYPGSMFGDPFAQKTEINIRQHALESACFVVCATAWLDADQQAQICKDTGCDIGPISGGCFTAIVAPDGLLGEPIRSGEGMVIVDLDFTLIDKRKQVMDS,N#CCC(=O)c1ccccc1,0.0,1a2,74119,https://doi.org/10.1002/prot.26019,True,,,
71967,KVVKAAAVQLSPVLYSREGTVERVVRKIHELGRQGVQFATFPETVVPYYPYFSFVQTPLQIIAGPEHLKLLDQAVTVPSPATDAISEAARQAGVVVSIGVNERDGGTLYNTQLLFDADGALIQRRRKITPTHFERMIWGQGDGSGLRAVDSKVGRIGQLACWEHNNPLARYAMIADGEQIHSAMYPGSMFGDPFAQKTEINIRQHALESACFVVCATAWLDADQQAQICKDTGCDIGPISGGCFTAIVAPDGLLGEPIRSGEGMVIVDLDFTLIDKRKQVMDS,N#Cc1ccccc1,0.0,1a2,899417,https://doi.org/10.1002/prot.26019,True,,,
71969,AIIRAAAVQISPVLYSREGTVDKVCQQIITLGKQGVQFAVFPETVVPYYPYFSFVQPAFAMGAQHLKLLDQSVTVPSAATLAIGEACKQAGMVVSIGVNERDGGTIYNAQLLFDADGTLIQHRRKITPTYHERMVWGQGDGSGLRAIDSAVGRIGSLACWEHYNPLARYALMADGEQIHAAMFPGSLVGDIFAEQIEVTIRHHALESGCFVVNATAWLDADQQGQIMQDTGCGLGPISGGCFTAIVSPEGKLLGEPLRSGEGVVIADLDTALIDKRKRMMDS,N#Cc1ccc(N)cc1,1.0,1a27,152697,https://doi.org/10.1002/prot.26019,True,,,
71970,AIIRAAAVQISPVLYSREGTVDKVCQQIITLGKQGVQFAVFPETVVPYYPYFSFVQPAFAMGAQHLKLLDQSVTVPSAATLAIGEACKQAGMVVSIGVNERDGGTIYNAQLLFDADGTLIQHRRKITPTYHERMVWGQGDGSGLRAIDSAVGRIGSLACWEHYNPLARYALMADGEQIHAAMFPGSLVGDIFAEQIEVTIRHHALESGCFVVNATAWLDADQQGQIMQDTGCGLGPISGGCFTAIVSPEGKLLGEPLRSGEGVVIADLDTALIDKRKRMMDS,N#CCc1ccc([N+](=O)[O-])cc1,0.0,1a27,154682,https://doi.org/10.1002/prot.26019,True,,,
71971,AIIRAAAVQISPVLYSREGTVDKVCQQIITLGKQGVQFAVFPETVVPYYPYFSFVQPAFAMGAQHLKLLDQSVTVPSAATLAIGEACKQAGMVVSIGVNERDGGTIYNAQLLFDADGTLIQHRRKITPTYHERMVWGQGDGSGLRAIDSAVGRIGSLACWEHYNPLARYALMADGEQIHAAMFPGSLVGDIFAEQIEVTIRHHALESGCFVVNATAWLDADQQGQIMQDTGCGLGPISGGCFTAIVSPEGKLLGEPLRSGEGVVIADLDTALIDKRKRMMDS,CN(C)c1ccc(C#N)cc1,1.0,1a27,155390,https://doi.org/10.1002/prot.26019,True,,,
71972,AIIRAAAVQISPVLYSREGTVDKVCQQIITLGKQGVQFAVFPETVVPYYPYFSFVQPAFAMGAQHLKLLDQSVTVPSAATLAIGEACKQAGMVVSIGVNERDGGTIYNAQLLFDADGTLIQHRRKITPTYHERMVWGQGDGSGLRAIDSAVGRIGSLACWEHYNPLARYALMADGEQIHAAMFPGSLVGDIFAEQIEVTIRHHALESGCFVVNATAWLDADQQGQIMQDTGCGLGPISGGCFTAIVSPEGKLLGEPLRSGEGVVIADLDTALIDKRKRMMDS,N#Cc1ccc(Cl)cc1,1.0,1a27,157255,https://doi.org/10.1002/prot.26019,True,,,
71973,AIIRAAAVQISPVLYSREGTVDKVCQQIITLGKQGVQFAVFPETVVPYYPYFSFVQPAFAMGAQHLKLLDQSVTVPSAATLAIGEACKQAGMVVSIGVNERDGGTIYNAQLLFDADGTLIQHRRKITPTYHERMVWGQGDGSGLRAIDSAVGRIGSLACWEHYNPLARYALMADGEQIHAAMFPGSLVGDIFAEQIEVTIRHHALESGCFVVNATAWLDADQQGQIMQDTGCGLGPISGGCFTAIVSPEGKLLGEPLRSGEGVVIADLDTALIDKRKRMMDS,N#Cc1c(Cl)cccc1Cl,0.0,1a27,157318,https://doi.org/10.1002/prot.26019,True,,,
71974,AIIRAAAVQISPVLYSREGTVDKVCQQIITLGKQGVQFAVFPETVVPYYPYFSFVQPAFAMGAQHLKLLDQSVTVPSAATLAIGEACKQAGMVVSIGVNERDGGTIYNAQLLFDADGTLIQHRRKITPTYHERMVWGQGDGSGLRAIDSAVGRIGSLACWEHYNPLARYALMADGEQIHAAMFPGSLVGDIFAEQIEVTIRHHALESGCFVVNATAWLDADQQGQIMQDTGCGLGPISGGCFTAIVSPEGKLLGEPLRSGEGVVIADLDTALIDKRKRMMDS,N#Cc1ccccc1N,0.0,1a27,157544,https://doi.org/10.1002/prot.26019,True,,,
71975,AIIRAAAVQISPVLYSREGTVDKVCQQIITLGKQGVQFAVFPETVVPYYPYFSFVQPAFAMGAQHLKLLDQSVTVPSAATLAIGEACKQAGMVVSIGVNERDGGTIYNAQLLFDADGTLIQHRRKITPTYHERMVWGQGDGSGLRAIDSAVGRIGSLACWEHYNPLARYALMADGEQIHAAMFPGSLVGDIFAEQIEVTIRHHALESGCFVVNATAWLDADQQGQIMQDTGCGLGPISGGCFTAIVSPEGKLLGEPLRSGEGVVIADLDTALIDKRKRMMDS,COc1ccc(C#N)cc1,1.0,1a27,159092,https://doi.org/10.1002/prot.26019,True,,,
71976,AIIRAAAVQISPVLYSREGTVDKVCQQIITLGKQGVQFAVFPETVVPYYPYFSFVQPAFAMGAQHLKLLDQSVTVPSAATLAIGEACKQAGMVVSIGVNERDGGTIYNAQLLFDADGTLIQHRRKITPTYHERMVWGQGDGSGLRAIDSAVGRIGSLACWEHYNPLARYALMADGEQIHAAMFPGSLVGDIFAEQIEVTIRHHALESGCFVVNATAWLDADQQGQIMQDTGCGLGPISGGCFTAIVSPEGKLLGEPLRSGEGVVIADLDTALIDKRKRMMDS,N#C/C=C/c1ccccc1,1.0,1a27,1675000,https://doi.org/10.1002/prot.26019,True,,,
71977,AIIRAAAVQISPVLYSREGTVDKVCQQIITLGKQGVQFAVFPETVVPYYPYFSFVQPAFAMGAQHLKLLDQSVTVPSAATLAIGEACKQAGMVVSIGVNERDGGTIYNAQLLFDADGTLIQHRRKITPTYHERMVWGQGDGSGLRAIDSAVGRIGSLACWEHYNPLARYALMADGEQIHAAMFPGSLVGDIFAEQIEVTIRHHALESGCFVVNATAWLDADQQGQIMQDTGCGLGPISGGCFTAIVSPEGKLLGEPLRSGEGVVIADLDTALIDKRKRMMDS,N#CCCc1ccccc1,1.0,1a27,1747831,https://doi.org/10.1002/prot.26019,True,,,
71979,AIIRAAAVQISPVLYSREGTVDKVCQQIITLGKQGVQFAVFPETVVPYYPYFSFVQPAFAMGAQHLKLLDQSVTVPSAATLAIGEACKQAGMVVSIGVNERDGGTIYNAQLLFDADGTLIQHRRKITPTYHERMVWGQGDGSGLRAIDSAVGRIGSLACWEHYNPLARYALMADGEQIHAAMFPGSLVGDIFAEQIEVTIRHHALESGCFVVNATAWLDADQQGQIMQDTGCGLGPISGGCFTAIVSPEGKLLGEPLRSGEGVVIADLDTALIDKRKRMMDS,C[C@@H](C#N)CCC#N,1.0,1a27,2037734,https://doi.org/10.1002/prot.26019,True,,,
71980,AIIRAAAVQISPVLYSREGTVDKVCQQIITLGKQGVQFAVFPETVVPYYPYFSFVQPAFAMGAQHLKLLDQSVTVPSAATLAIGEACKQAGMVVSIGVNERDGGTIYNAQLLFDADGTLIQHRRKITPTYHERMVWGQGDGSGLRAIDSAVGRIGSLACWEHYNPLARYALMADGEQIHAAMFPGSLVGDIFAEQIEVTIRHHALESGCFVVNATAWLDADQQGQIMQDTGCGLGPISGGCFTAIVSPEGKLLGEPLRSGEGVVIADLDTALIDKRKRMMDS,C[C@@H](C#N)c1ccccc1,0.0,1a27,2039218,https://doi.org/10.1002/prot.26019,True,,,
71982,AIIRAAAVQISPVLYSREGTVDKVCQQIITLGKQGVQFAVFPETVVPYYPYFSFVQPAFAMGAQHLKLLDQSVTVPSAATLAIGEACKQAGMVVSIGVNERDGGTIYNAQLLFDADGTLIQHRRKITPTYHERMVWGQGDGSGLRAIDSAVGRIGSLACWEHYNPLARYALMADGEQIHAAMFPGSLVGDIFAEQIEVTIRHHALESGCFVVNATAWLDADQQGQIMQDTGCGLGPISGGCFTAIVSPEGKLLGEPLRSGEGVVIADLDTALIDKRKRMMDS,N#Cc1cccc(C#N)c1,1.0,1a27,388279,https://doi.org/10.1002/prot.26019,True,,,
71983,AIIRAAAVQISPVLYSREGTVDKVCQQIITLGKQGVQFAVFPETVVPYYPYFSFVQPAFAMGAQHLKLLDQSVTVPSAATLAIGEACKQAGMVVSIGVNERDGGTIYNAQLLFDADGTLIQHRRKITPTYHERMVWGQGDGSGLRAIDSAVGRIGSLACWEHYNPLARYALMADGEQIHAAMFPGSLVGDIFAEQIEVTIRHHALESGCFVVNATAWLDADQQGQIMQDTGCGLGPISGGCFTAIVSPEGKLLGEPLRSGEGVVIADLDTALIDKRKRMMDS,N#Cc1ccc(O)cc1,1.0,1a27,388759,https://doi.org/10.1002/prot.26019,True,,,
71985,AIIRAAAVQISPVLYSREGTVDKVCQQIITLGKQGVQFAVFPETVVPYYPYFSFVQPAFAMGAQHLKLLDQSVTVPSAATLAIGEACKQAGMVVSIGVNERDGGTIYNAQLLFDADGTLIQHRRKITPTYHERMVWGQGDGSGLRAIDSAVGRIGSLACWEHYNPLARYALMADGEQIHAAMFPGSLVGDIFAEQIEVTIRHHALESGCFVVNATAWLDADQQGQIMQDTGCGLGPISGGCFTAIVSPEGKLLGEPLRSGEGVVIADLDTALIDKRKRMMDS,N#CCC(=O)c1ccccc1,1.0,1a27,74119,https://doi.org/10.1002/prot.26019,True,,,
71987,AIIRAAAVQISPVLYSREGTVDKVCQQIITLGKQGVQFAVFPETVVPYYPYFSFVQPAFAMGAQHLKLLDQSVTVPSAATLAIGEACKQAGMVVSIGVNERDGGTIYNAQLLFDADGTLIQHRRKITPTYHERMVWGQGDGSGLRAIDSAVGRIGSLACWEHYNPLARYALMADGEQIHAAMFPGSLVGDIFAEQIEVTIRHHALESGCFVVNATAWLDADQQGQIMQDTGCGLGPISGGCFTAIVSPEGKLLGEPLRSGEGVVIADLDTALIDKRKRMMDS,N#Cc1ccccc1,0.0,1a27,899417,https://doi.org/10.1002/prot.26019,True,,,
71989,KVVKAAAVQISPVLYSREATVAKVVQKIHELGQKGVQFATFPETVVPYYPYFSAVQTGIELLSGTEHLRLLDQAVTVPSAATDAIGEAARKAGMVVSIGVNERDGGTLYNTQLLFDADGTLIQRRRKITPTHFERMIWGQGDGSGLRAVDSKVGRIGQLACFEHNNPLARYALIADGEQIHSAMYPGSAFGEGFAQRMEINIRQHALESGAFVVNATAWLDADQQAQIMKDTGCGIGPISGGCFTTIVSPDGMLAEPLRSGEGEVIVDLDFTLIDRRKMLMDS,N#Cc1ccc(N)cc1,0.0,1a8,152697,https://doi.org/10.1002/prot.26019,True,,,
71990,KVVKAAAVQISPVLYSREATVAKVVQKIHELGQKGVQFATFPETVVPYYPYFSAVQTGIELLSGTEHLRLLDQAVTVPSAATDAIGEAARKAGMVVSIGVNERDGGTLYNTQLLFDADGTLIQRRRKITPTHFERMIWGQGDGSGLRAVDSKVGRIGQLACFEHNNPLARYALIADGEQIHSAMYPGSAFGEGFAQRMEINIRQHALESGAFVVNATAWLDADQQAQIMKDTGCGIGPISGGCFTTIVSPDGMLAEPLRSGEGEVIVDLDFTLIDRRKMLMDS,N#CCc1ccc([N+](=O)[O-])cc1,0.0,1a8,154682,https://doi.org/10.1002/prot.26019,True,,,
71991,KVVKAAAVQISPVLYSREATVAKVVQKIHELGQKGVQFATFPETVVPYYPYFSAVQTGIELLSGTEHLRLLDQAVTVPSAATDAIGEAARKAGMVVSIGVNERDGGTLYNTQLLFDADGTLIQRRRKITPTHFERMIWGQGDGSGLRAVDSKVGRIGQLACFEHNNPLARYALIADGEQIHSAMYPGSAFGEGFAQRMEINIRQHALESGAFVVNATAWLDADQQAQIMKDTGCGIGPISGGCFTTIVSPDGMLAEPLRSGEGEVIVDLDFTLIDRRKMLMDS,CN(C)c1ccc(C#N)cc1,0.0,1a8,155390,https://doi.org/10.1002/prot.26019,True,,,
71992,KVVKAAAVQISPVLYSREATVAKVVQKIHELGQKGVQFATFPETVVPYYPYFSAVQTGIELLSGTEHLRLLDQAVTVPSAATDAIGEAARKAGMVVSIGVNERDGGTLYNTQLLFDADGTLIQRRRKITPTHFERMIWGQGDGSGLRAVDSKVGRIGQLACFEHNNPLARYALIADGEQIHSAMYPGSAFGEGFAQRMEINIRQHALESGAFVVNATAWLDADQQAQIMKDTGCGIGPISGGCFTTIVSPDGMLAEPLRSGEGEVIVDLDFTLIDRRKMLMDS,N#Cc1ccc(Cl)cc1,1.0,1a8,157255,https://doi.org/10.1002/prot.26019,True,,,
71993,KVVKAAAVQISPVLYSREATVAKVVQKIHELGQKGVQFATFPETVVPYYPYFSAVQTGIELLSGTEHLRLLDQAVTVPSAATDAIGEAARKAGMVVSIGVNERDGGTLYNTQLLFDADGTLIQRRRKITPTHFERMIWGQGDGSGLRAVDSKVGRIGQLACFEHNNPLARYALIADGEQIHSAMYPGSAFGEGFAQRMEINIRQHALESGAFVVNATAWLDADQQAQIMKDTGCGIGPISGGCFTTIVSPDGMLAEPLRSGEGEVIVDLDFTLIDRRKMLMDS,N#Cc1c(Cl)cccc1Cl,0.0,1a8,157318,https://doi.org/10.1002/prot.26019,True,,,
71994,KVVKAAAVQISPVLYSREATVAKVVQKIHELGQKGVQFATFPETVVPYYPYFSAVQTGIELLSGTEHLRLLDQAVTVPSAATDAIGEAARKAGMVVSIGVNERDGGTLYNTQLLFDADGTLIQRRRKITPTHFERMIWGQGDGSGLRAVDSKVGRIGQLACFEHNNPLARYALIADGEQIHSAMYPGSAFGEGFAQRMEINIRQHALESGAFVVNATAWLDADQQAQIMKDTGCGIGPISGGCFTTIVSPDGMLAEPLRSGEGEVIVDLDFTLIDRRKMLMDS,N#Cc1ccccc1N,0.0,1a8,157544,https://doi.org/10.1002/prot.26019,True,,,
71995,KVVKAAAVQISPVLYSREATVAKVVQKIHELGQKGVQFATFPETVVPYYPYFSAVQTGIELLSGTEHLRLLDQAVTVPSAATDAIGEAARKAGMVVSIGVNERDGGTLYNTQLLFDADGTLIQRRRKITPTHFERMIWGQGDGSGLRAVDSKVGRIGQLACFEHNNPLARYALIADGEQIHSAMYPGSAFGEGFAQRMEINIRQHALESGAFVVNATAWLDADQQAQIMKDTGCGIGPISGGCFTTIVSPDGMLAEPLRSGEGEVIVDLDFTLIDRRKMLMDS,COc1ccc(C#N)cc1,0.0,1a8,159092,https://doi.org/10.1002/prot.26019,True,,,
71996,KVVKAAAVQISPVLYSREATVAKVVQKIHELGQKGVQFATFPETVVPYYPYFSAVQTGIELLSGTEHLRLLDQAVTVPSAATDAIGEAARKAGMVVSIGVNERDGGTLYNTQLLFDADGTLIQRRRKITPTHFERMIWGQGDGSGLRAVDSKVGRIGQLACFEHNNPLARYALIADGEQIHSAMYPGSAFGEGFAQRMEINIRQHALESGAFVVNATAWLDADQQAQIMKDTGCGIGPISGGCFTTIVSPDGMLAEPLRSGEGEVIVDLDFTLIDRRKMLMDS,N#C/C=C/c1ccccc1,1.0,1a8,1675000,https://doi.org/10.1002/prot.26019,True,,,
71997,KVVKAAAVQISPVLYSREATVAKVVQKIHELGQKGVQFATFPETVVPYYPYFSAVQTGIELLSGTEHLRLLDQAVTVPSAATDAIGEAARKAGMVVSIGVNERDGGTLYNTQLLFDADGTLIQRRRKITPTHFERMIWGQGDGSGLRAVDSKVGRIGQLACFEHNNPLARYALIADGEQIHSAMYPGSAFGEGFAQRMEINIRQHALESGAFVVNATAWLDADQQAQIMKDTGCGIGPISGGCFTTIVSPDGMLAEPLRSGEGEVIVDLDFTLIDRRKMLMDS,N#CCCc1ccccc1,0.0,1a8,1747831,https://doi.org/10.1002/prot.26019,True,,,
71999,KVVKAAAVQISPVLYSREATVAKVVQKIHELGQKGVQFATFPETVVPYYPYFSAVQTGIELLSGTEHLRLLDQAVTVPSAATDAIGEAARKAGMVVSIGVNERDGGTLYNTQLLFDADGTLIQRRRKITPTHFERMIWGQGDGSGLRAVDSKVGRIGQLACFEHNNPLARYALIADGEQIHSAMYPGSAFGEGFAQRMEINIRQHALESGAFVVNATAWLDADQQAQIMKDTGCGIGPISGGCFTTIVSPDGMLAEPLRSGEGEVIVDLDFTLIDRRKMLMDS,C[C@@H](C#N)CCC#N,0.0,1a8,2037734,https://doi.org/10.1002/prot.26019,True,,,
72000,KVVKAAAVQISPVLYSREATVAKVVQKIHELGQKGVQFATFPETVVPYYPYFSAVQTGIELLSGTEHLRLLDQAVTVPSAATDAIGEAARKAGMVVSIGVNERDGGTLYNTQLLFDADGTLIQRRRKITPTHFERMIWGQGDGSGLRAVDSKVGRIGQLACFEHNNPLARYALIADGEQIHSAMYPGSAFGEGFAQRMEINIRQHALESGAFVVNATAWLDADQQAQIMKDTGCGIGPISGGCFTTIVSPDGMLAEPLRSGEGEVIVDLDFTLIDRRKMLMDS,C[C@@H](C#N)c1ccccc1,0.0,1a8,2039218,https://doi.org/10.1002/prot.26019,True,,,
72002,KVVKAAAVQISPVLYSREATVAKVVQKIHELGQKGVQFATFPETVVPYYPYFSAVQTGIELLSGTEHLRLLDQAVTVPSAATDAIGEAARKAGMVVSIGVNERDGGTLYNTQLLFDADGTLIQRRRKITPTHFERMIWGQGDGSGLRAVDSKVGRIGQLACFEHNNPLARYALIADGEQIHSAMYPGSAFGEGFAQRMEINIRQHALESGAFVVNATAWLDADQQAQIMKDTGCGIGPISGGCFTTIVSPDGMLAEPLRSGEGEVIVDLDFTLIDRRKMLMDS,N#Cc1cccc(C#N)c1,1.0,1a8,388279,https://doi.org/10.1002/prot.26019,True,,,
72003,KVVKAAAVQISPVLYSREATVAKVVQKIHELGQKGVQFATFPETVVPYYPYFSAVQTGIELLSGTEHLRLLDQAVTVPSAATDAIGEAARKAGMVVSIGVNERDGGTLYNTQLLFDADGTLIQRRRKITPTHFERMIWGQGDGSGLRAVDSKVGRIGQLACFEHNNPLARYALIADGEQIHSAMYPGSAFGEGFAQRMEINIRQHALESGAFVVNATAWLDADQQAQIMKDTGCGIGPISGGCFTTIVSPDGMLAEPLRSGEGEVIVDLDFTLIDRRKMLMDS,N#Cc1ccc(O)cc1,0.0,1a8,388759,https://doi.org/10.1002/prot.26019,True,,,
72005,KVVKAAAVQISPVLYSREATVAKVVQKIHELGQKGVQFATFPETVVPYYPYFSAVQTGIELLSGTEHLRLLDQAVTVPSAATDAIGEAARKAGMVVSIGVNERDGGTLYNTQLLFDADGTLIQRRRKITPTHFERMIWGQGDGSGLRAVDSKVGRIGQLACFEHNNPLARYALIADGEQIHSAMYPGSAFGEGFAQRMEINIRQHALESGAFVVNATAWLDADQQAQIMKDTGCGIGPISGGCFTTIVSPDGMLAEPLRSGEGEVIVDLDFTLIDRRKMLMDS,N#CCC(=O)c1ccccc1,0.0,1a8,74119,https://doi.org/10.1002/prot.26019,True,,,
72007,KVVKAAAVQISPVLYSREATVAKVVQKIHELGQKGVQFATFPETVVPYYPYFSAVQTGIELLSGTEHLRLLDQAVTVPSAATDAIGEAARKAGMVVSIGVNERDGGTLYNTQLLFDADGTLIQRRRKITPTHFERMIWGQGDGSGLRAVDSKVGRIGQLACFEHNNPLARYALIADGEQIHSAMYPGSAFGEGFAQRMEINIRQHALESGAFVVNATAWLDADQQAQIMKDTGCGIGPISGGCFTTIVSPDGMLAEPLRSGEGEVIVDLDFTLIDRRKMLMDS,N#Cc1ccccc1,0.0,1a8,899417,https://doi.org/10.1002/prot.26019,True,,,
72009,KTVRAAAVQIAPDLTSRAGTVERVLNAIAEASDKGAELIVFPETFVPWYPYFSFVLPPVQQGPEHLRLYEEAVTVPSAETRAVADAARKRNAVIVLGVNERDHGSLYNTQLIFDADGSLKLKRRKITPTYHERMIWGQGDGAGLKVVETAIGRMGALACWEHYNPLARYALMAQHEEIHASHFPGSLVGPIFGEQIEVTMRHHALESGCFVVNATGWLSEEQIASIHPDPSLQKGLRDGCMTCIITPEGRHVVPPLTSGEGILIGDLDMRLITKRKRMMDS,N#Cc1ccc(N)cc1,0.0,1b15,152697,https://doi.org/10.1002/prot.26019,True,,,
72010,KTVRAAAVQIAPDLTSRAGTVERVLNAIAEASDKGAELIVFPETFVPWYPYFSFVLPPVQQGPEHLRLYEEAVTVPSAETRAVADAARKRNAVIVLGVNERDHGSLYNTQLIFDADGSLKLKRRKITPTYHERMIWGQGDGAGLKVVETAIGRMGALACWEHYNPLARYALMAQHEEIHASHFPGSLVGPIFGEQIEVTMRHHALESGCFVVNATGWLSEEQIASIHPDPSLQKGLRDGCMTCIITPEGRHVVPPLTSGEGILIGDLDMRLITKRKRMMDS,N#CCc1ccc([N+](=O)[O-])cc1,0.0,1b15,154682,https://doi.org/10.1002/prot.26019,True,,,
72011,KTVRAAAVQIAPDLTSRAGTVERVLNAIAEASDKGAELIVFPETFVPWYPYFSFVLPPVQQGPEHLRLYEEAVTVPSAETRAVADAARKRNAVIVLGVNERDHGSLYNTQLIFDADGSLKLKRRKITPTYHERMIWGQGDGAGLKVVETAIGRMGALACWEHYNPLARYALMAQHEEIHASHFPGSLVGPIFGEQIEVTMRHHALESGCFVVNATGWLSEEQIASIHPDPSLQKGLRDGCMTCIITPEGRHVVPPLTSGEGILIGDLDMRLITKRKRMMDS,CN(C)c1ccc(C#N)cc1,0.0,1b15,155390,https://doi.org/10.1002/prot.26019,True,,,
72012,KTVRAAAVQIAPDLTSRAGTVERVLNAIAEASDKGAELIVFPETFVPWYPYFSFVLPPVQQGPEHLRLYEEAVTVPSAETRAVADAARKRNAVIVLGVNERDHGSLYNTQLIFDADGSLKLKRRKITPTYHERMIWGQGDGAGLKVVETAIGRMGALACWEHYNPLARYALMAQHEEIHASHFPGSLVGPIFGEQIEVTMRHHALESGCFVVNATGWLSEEQIASIHPDPSLQKGLRDGCMTCIITPEGRHVVPPLTSGEGILIGDLDMRLITKRKRMMDS,N#Cc1ccc(Cl)cc1,0.0,1b15,157255,https://doi.org/10.1002/prot.26019,True,,,
72013,KTVRAAAVQIAPDLTSRAGTVERVLNAIAEASDKGAELIVFPETFVPWYPYFSFVLPPVQQGPEHLRLYEEAVTVPSAETRAVADAARKRNAVIVLGVNERDHGSLYNTQLIFDADGSLKLKRRKITPTYHERMIWGQGDGAGLKVVETAIGRMGALACWEHYNPLARYALMAQHEEIHASHFPGSLVGPIFGEQIEVTMRHHALESGCFVVNATGWLSEEQIASIHPDPSLQKGLRDGCMTCIITPEGRHVVPPLTSGEGILIGDLDMRLITKRKRMMDS,N#Cc1c(Cl)cccc1Cl,0.0,1b15,157318,https://doi.org/10.1002/prot.26019,True,,,
72014,KTVRAAAVQIAPDLTSRAGTVERVLNAIAEASDKGAELIVFPETFVPWYPYFSFVLPPVQQGPEHLRLYEEAVTVPSAETRAVADAARKRNAVIVLGVNERDHGSLYNTQLIFDADGSLKLKRRKITPTYHERMIWGQGDGAGLKVVETAIGRMGALACWEHYNPLARYALMAQHEEIHASHFPGSLVGPIFGEQIEVTMRHHALESGCFVVNATGWLSEEQIASIHPDPSLQKGLRDGCMTCIITPEGRHVVPPLTSGEGILIGDLDMRLITKRKRMMDS,N#Cc1ccccc1N,0.0,1b15,157544,https://doi.org/10.1002/prot.26019,True,,,
72015,KTVRAAAVQIAPDLTSRAGTVERVLNAIAEASDKGAELIVFPETFVPWYPYFSFVLPPVQQGPEHLRLYEEAVTVPSAETRAVADAARKRNAVIVLGVNERDHGSLYNTQLIFDADGSLKLKRRKITPTYHERMIWGQGDGAGLKVVETAIGRMGALACWEHYNPLARYALMAQHEEIHASHFPGSLVGPIFGEQIEVTMRHHALESGCFVVNATGWLSEEQIASIHPDPSLQKGLRDGCMTCIITPEGRHVVPPLTSGEGILIGDLDMRLITKRKRMMDS,COc1ccc(C#N)cc1,0.0,1b15,159092,https://doi.org/10.1002/prot.26019,True,,,
72016,KTVRAAAVQIAPDLTSRAGTVERVLNAIAEASDKGAELIVFPETFVPWYPYFSFVLPPVQQGPEHLRLYEEAVTVPSAETRAVADAARKRNAVIVLGVNERDHGSLYNTQLIFDADGSLKLKRRKITPTYHERMIWGQGDGAGLKVVETAIGRMGALACWEHYNPLARYALMAQHEEIHASHFPGSLVGPIFGEQIEVTMRHHALESGCFVVNATGWLSEEQIASIHPDPSLQKGLRDGCMTCIITPEGRHVVPPLTSGEGILIGDLDMRLITKRKRMMDS,N#C/C=C/c1ccccc1,1.0,1b15,1675000,https://doi.org/10.1002/prot.26019,True,,,
72017,KTVRAAAVQIAPDLTSRAGTVERVLNAIAEASDKGAELIVFPETFVPWYPYFSFVLPPVQQGPEHLRLYEEAVTVPSAETRAVADAARKRNAVIVLGVNERDHGSLYNTQLIFDADGSLKLKRRKITPTYHERMIWGQGDGAGLKVVETAIGRMGALACWEHYNPLARYALMAQHEEIHASHFPGSLVGPIFGEQIEVTMRHHALESGCFVVNATGWLSEEQIASIHPDPSLQKGLRDGCMTCIITPEGRHVVPPLTSGEGILIGDLDMRLITKRKRMMDS,N#CCCc1ccccc1,1.0,1b15,1747831,https://doi.org/10.1002/prot.26019,True,,,
72019,KTVRAAAVQIAPDLTSRAGTVERVLNAIAEASDKGAELIVFPETFVPWYPYFSFVLPPVQQGPEHLRLYEEAVTVPSAETRAVADAARKRNAVIVLGVNERDHGSLYNTQLIFDADGSLKLKRRKITPTYHERMIWGQGDGAGLKVVETAIGRMGALACWEHYNPLARYALMAQHEEIHASHFPGSLVGPIFGEQIEVTMRHHALESGCFVVNATGWLSEEQIASIHPDPSLQKGLRDGCMTCIITPEGRHVVPPLTSGEGILIGDLDMRLITKRKRMMDS,C[C@@H](C#N)CCC#N,0.0,1b15,2037734,https://doi.org/10.1002/prot.26019,True,,,
72020,KTVRAAAVQIAPDLTSRAGTVERVLNAIAEASDKGAELIVFPETFVPWYPYFSFVLPPVQQGPEHLRLYEEAVTVPSAETRAVADAARKRNAVIVLGVNERDHGSLYNTQLIFDADGSLKLKRRKITPTYHERMIWGQGDGAGLKVVETAIGRMGALACWEHYNPLARYALMAQHEEIHASHFPGSLVGPIFGEQIEVTMRHHALESGCFVVNATGWLSEEQIASIHPDPSLQKGLRDGCMTCIITPEGRHVVPPLTSGEGILIGDLDMRLITKRKRMMDS,C[C@@H](C#N)c1ccccc1,0.0,1b15,2039218,https://doi.org/10.1002/prot.26019,True,,,
72022,KTVRAAAVQIAPDLTSRAGTVERVLNAIAEASDKGAELIVFPETFVPWYPYFSFVLPPVQQGPEHLRLYEEAVTVPSAETRAVADAARKRNAVIVLGVNERDHGSLYNTQLIFDADGSLKLKRRKITPTYHERMIWGQGDGAGLKVVETAIGRMGALACWEHYNPLARYALMAQHEEIHASHFPGSLVGPIFGEQIEVTMRHHALESGCFVVNATGWLSEEQIASIHPDPSLQKGLRDGCMTCIITPEGRHVVPPLTSGEGILIGDLDMRLITKRKRMMDS,N#Cc1cccc(C#N)c1,0.0,1b15,388279,https://doi.org/10.1002/prot.26019,True,,,
72023,KTVRAAAVQIAPDLTSRAGTVERVLNAIAEASDKGAELIVFPETFVPWYPYFSFVLPPVQQGPEHLRLYEEAVTVPSAETRAVADAARKRNAVIVLGVNERDHGSLYNTQLIFDADGSLKLKRRKITPTYHERMIWGQGDGAGLKVVETAIGRMGALACWEHYNPLARYALMAQHEEIHASHFPGSLVGPIFGEQIEVTMRHHALESGCFVVNATGWLSEEQIASIHPDPSLQKGLRDGCMTCIITPEGRHVVPPLTSGEGILIGDLDMRLITKRKRMMDS,N#Cc1ccc(O)cc1,0.0,1b15,388759,https://doi.org/10.1002/prot.26019,True,,,
72025,KTVRAAAVQIAPDLTSRAGTVERVLNAIAEASDKGAELIVFPETFVPWYPYFSFVLPPVQQGPEHLRLYEEAVTVPSAETRAVADAARKRNAVIVLGVNERDHGSLYNTQLIFDADGSLKLKRRKITPTYHERMIWGQGDGAGLKVVETAIGRMGALACWEHYNPLARYALMAQHEEIHASHFPGSLVGPIFGEQIEVTMRHHALESGCFVVNATGWLSEEQIASIHPDPSLQKGLRDGCMTCIITPEGRHVVPPLTSGEGILIGDLDMRLITKRKRMMDS,N#CCC(=O)c1ccccc1,0.0,1b15,74119,https://doi.org/10.1002/prot.26019,True,,,
72027,KTVRAAAVQIAPDLTSRAGTVERVLNAIAEASDKGAELIVFPETFVPWYPYFSFVLPPVQQGPEHLRLYEEAVTVPSAETRAVADAARKRNAVIVLGVNERDHGSLYNTQLIFDADGSLKLKRRKITPTYHERMIWGQGDGAGLKVVETAIGRMGALACWEHYNPLARYALMAQHEEIHASHFPGSLVGPIFGEQIEVTMRHHALESGCFVVNATGWLSEEQIASIHPDPSLQKGLRDGCMTCIITPEGRHVVPPLTSGEGILIGDLDMRLITKRKRMMDS,N#Cc1ccccc1,0.0,1b15,899417,https://doi.org/10.1002/prot.26019,True,,,
72029,PTIRAAAIQLSPVLFSRDGTTEKVLQAIASAAKEGAQLVVFPETFIPYYPYFSFIQPPVLMGKEHMRLYEEAVTVPGPVTDAVSRAARSYGMVVVLGVNERDGGSIYNTQLIFDADGTLLLKRRKITPTYHERMVWGQGDGAGLKVLDTAVGKVGALACWEHYNPLARFALMAQHEQIHCAQFPGSLVGQIFTDQIEVTIRHHALESGCFVVNATGWLSPEQVAQITTDEKLQRVLSGGCNTAIIGPEGNHLCPPITDGEGIAIADLDFSLITKRKRMMDC,N#Cc1ccc(N)cc1,0.0,1b16,152697,https://doi.org/10.1002/prot.26019,True,,,
72030,PTIRAAAIQLSPVLFSRDGTTEKVLQAIASAAKEGAQLVVFPETFIPYYPYFSFIQPPVLMGKEHMRLYEEAVTVPGPVTDAVSRAARSYGMVVVLGVNERDGGSIYNTQLIFDADGTLLLKRRKITPTYHERMVWGQGDGAGLKVLDTAVGKVGALACWEHYNPLARFALMAQHEQIHCAQFPGSLVGQIFTDQIEVTIRHHALESGCFVVNATGWLSPEQVAQITTDEKLQRVLSGGCNTAIIGPEGNHLCPPITDGEGIAIADLDFSLITKRKRMMDC,N#CCc1ccc([N+](=O)[O-])cc1,0.0,1b16,154682,https://doi.org/10.1002/prot.26019,True,,,
72031,PTIRAAAIQLSPVLFSRDGTTEKVLQAIASAAKEGAQLVVFPETFIPYYPYFSFIQPPVLMGKEHMRLYEEAVTVPGPVTDAVSRAARSYGMVVVLGVNERDGGSIYNTQLIFDADGTLLLKRRKITPTYHERMVWGQGDGAGLKVLDTAVGKVGALACWEHYNPLARFALMAQHEQIHCAQFPGSLVGQIFTDQIEVTIRHHALESGCFVVNATGWLSPEQVAQITTDEKLQRVLSGGCNTAIIGPEGNHLCPPITDGEGIAIADLDFSLITKRKRMMDC,CN(C)c1ccc(C#N)cc1,1.0,1b16,155390,https://doi.org/10.1002/prot.26019,True,,,
72032,PTIRAAAIQLSPVLFSRDGTTEKVLQAIASAAKEGAQLVVFPETFIPYYPYFSFIQPPVLMGKEHMRLYEEAVTVPGPVTDAVSRAARSYGMVVVLGVNERDGGSIYNTQLIFDADGTLLLKRRKITPTYHERMVWGQGDGAGLKVLDTAVGKVGALACWEHYNPLARFALMAQHEQIHCAQFPGSLVGQIFTDQIEVTIRHHALESGCFVVNATGWLSPEQVAQITTDEKLQRVLSGGCNTAIIGPEGNHLCPPITDGEGIAIADLDFSLITKRKRMMDC,N#Cc1ccc(Cl)cc1,1.0,1b16,157255,https://doi.org/10.1002/prot.26019,True,,,
72033,PTIRAAAIQLSPVLFSRDGTTEKVLQAIASAAKEGAQLVVFPETFIPYYPYFSFIQPPVLMGKEHMRLYEEAVTVPGPVTDAVSRAARSYGMVVVLGVNERDGGSIYNTQLIFDADGTLLLKRRKITPTYHERMVWGQGDGAGLKVLDTAVGKVGALACWEHYNPLARFALMAQHEQIHCAQFPGSLVGQIFTDQIEVTIRHHALESGCFVVNATGWLSPEQVAQITTDEKLQRVLSGGCNTAIIGPEGNHLCPPITDGEGIAIADLDFSLITKRKRMMDC,N#Cc1c(Cl)cccc1Cl,0.0,1b16,157318,https://doi.org/10.1002/prot.26019,True,,,
72034,PTIRAAAIQLSPVLFSRDGTTEKVLQAIASAAKEGAQLVVFPETFIPYYPYFSFIQPPVLMGKEHMRLYEEAVTVPGPVTDAVSRAARSYGMVVVLGVNERDGGSIYNTQLIFDADGTLLLKRRKITPTYHERMVWGQGDGAGLKVLDTAVGKVGALACWEHYNPLARFALMAQHEQIHCAQFPGSLVGQIFTDQIEVTIRHHALESGCFVVNATGWLSPEQVAQITTDEKLQRVLSGGCNTAIIGPEGNHLCPPITDGEGIAIADLDFSLITKRKRMMDC,N#Cc1ccccc1N,0.0,1b16,157544,https://doi.org/10.1002/prot.26019,True,,,
72035,PTIRAAAIQLSPVLFSRDGTTEKVLQAIASAAKEGAQLVVFPETFIPYYPYFSFIQPPVLMGKEHMRLYEEAVTVPGPVTDAVSRAARSYGMVVVLGVNERDGGSIYNTQLIFDADGTLLLKRRKITPTYHERMVWGQGDGAGLKVLDTAVGKVGALACWEHYNPLARFALMAQHEQIHCAQFPGSLVGQIFTDQIEVTIRHHALESGCFVVNATGWLSPEQVAQITTDEKLQRVLSGGCNTAIIGPEGNHLCPPITDGEGIAIADLDFSLITKRKRMMDC,COc1ccc(C#N)cc1,1.0,1b16,159092,https://doi.org/10.1002/prot.26019,True,,,
72036,PTIRAAAIQLSPVLFSRDGTTEKVLQAIASAAKEGAQLVVFPETFIPYYPYFSFIQPPVLMGKEHMRLYEEAVTVPGPVTDAVSRAARSYGMVVVLGVNERDGGSIYNTQLIFDADGTLLLKRRKITPTYHERMVWGQGDGAGLKVLDTAVGKVGALACWEHYNPLARFALMAQHEQIHCAQFPGSLVGQIFTDQIEVTIRHHALESGCFVVNATGWLSPEQVAQITTDEKLQRVLSGGCNTAIIGPEGNHLCPPITDGEGIAIADLDFSLITKRKRMMDC,N#C/C=C/c1ccccc1,1.0,1b16,1675000,https://doi.org/10.1002/prot.26019,True,,,
72037,PTIRAAAIQLSPVLFSRDGTTEKVLQAIASAAKEGAQLVVFPETFIPYYPYFSFIQPPVLMGKEHMRLYEEAVTVPGPVTDAVSRAARSYGMVVVLGVNERDGGSIYNTQLIFDADGTLLLKRRKITPTYHERMVWGQGDGAGLKVLDTAVGKVGALACWEHYNPLARFALMAQHEQIHCAQFPGSLVGQIFTDQIEVTIRHHALESGCFVVNATGWLSPEQVAQITTDEKLQRVLSGGCNTAIIGPEGNHLCPPITDGEGIAIADLDFSLITKRKRMMDC,N#CCCc1ccccc1,1.0,1b16,1747831,https://doi.org/10.1002/prot.26019,True,,,
72039,PTIRAAAIQLSPVLFSRDGTTEKVLQAIASAAKEGAQLVVFPETFIPYYPYFSFIQPPVLMGKEHMRLYEEAVTVPGPVTDAVSRAARSYGMVVVLGVNERDGGSIYNTQLIFDADGTLLLKRRKITPTYHERMVWGQGDGAGLKVLDTAVGKVGALACWEHYNPLARFALMAQHEQIHCAQFPGSLVGQIFTDQIEVTIRHHALESGCFVVNATGWLSPEQVAQITTDEKLQRVLSGGCNTAIIGPEGNHLCPPITDGEGIAIADLDFSLITKRKRMMDC,C[C@@H](C#N)CCC#N,1.0,1b16,2037734,https://doi.org/10.1002/prot.26019,True,,,
72040,PTIRAAAIQLSPVLFSRDGTTEKVLQAIASAAKEGAQLVVFPETFIPYYPYFSFIQPPVLMGKEHMRLYEEAVTVPGPVTDAVSRAARSYGMVVVLGVNERDGGSIYNTQLIFDADGTLLLKRRKITPTYHERMVWGQGDGAGLKVLDTAVGKVGALACWEHYNPLARFALMAQHEQIHCAQFPGSLVGQIFTDQIEVTIRHHALESGCFVVNATGWLSPEQVAQITTDEKLQRVLSGGCNTAIIGPEGNHLCPPITDGEGIAIADLDFSLITKRKRMMDC,C[C@@H](C#N)c1ccccc1,0.0,1b16,2039218,https://doi.org/10.1002/prot.26019,True,,,
72042,PTIRAAAIQLSPVLFSRDGTTEKVLQAIASAAKEGAQLVVFPETFIPYYPYFSFIQPPVLMGKEHMRLYEEAVTVPGPVTDAVSRAARSYGMVVVLGVNERDGGSIYNTQLIFDADGTLLLKRRKITPTYHERMVWGQGDGAGLKVLDTAVGKVGALACWEHYNPLARFALMAQHEQIHCAQFPGSLVGQIFTDQIEVTIRHHALESGCFVVNATGWLSPEQVAQITTDEKLQRVLSGGCNTAIIGPEGNHLCPPITDGEGIAIADLDFSLITKRKRMMDC,N#Cc1cccc(C#N)c1,1.0,1b16,388279,https://doi.org/10.1002/prot.26019,True,,,
72043,PTIRAAAIQLSPVLFSRDGTTEKVLQAIASAAKEGAQLVVFPETFIPYYPYFSFIQPPVLMGKEHMRLYEEAVTVPGPVTDAVSRAARSYGMVVVLGVNERDGGSIYNTQLIFDADGTLLLKRRKITPTYHERMVWGQGDGAGLKVLDTAVGKVGALACWEHYNPLARFALMAQHEQIHCAQFPGSLVGQIFTDQIEVTIRHHALESGCFVVNATGWLSPEQVAQITTDEKLQRVLSGGCNTAIIGPEGNHLCPPITDGEGIAIADLDFSLITKRKRMMDC,N#Cc1ccc(O)cc1,0.0,1b16,388759,https://doi.org/10.1002/prot.26019,True,,,
72045,PTIRAAAIQLSPVLFSRDGTTEKVLQAIASAAKEGAQLVVFPETFIPYYPYFSFIQPPVLMGKEHMRLYEEAVTVPGPVTDAVSRAARSYGMVVVLGVNERDGGSIYNTQLIFDADGTLLLKRRKITPTYHERMVWGQGDGAGLKVLDTAVGKVGALACWEHYNPLARFALMAQHEQIHCAQFPGSLVGQIFTDQIEVTIRHHALESGCFVVNATGWLSPEQVAQITTDEKLQRVLSGGCNTAIIGPEGNHLCPPITDGEGIAIADLDFSLITKRKRMMDC,N#CCC(=O)c1ccccc1,0.0,1b16,74119,https://doi.org/10.1002/prot.26019,True,,,
72047,PTIRAAAIQLSPVLFSRDGTTEKVLQAIASAAKEGAQLVVFPETFIPYYPYFSFIQPPVLMGKEHMRLYEEAVTVPGPVTDAVSRAARSYGMVVVLGVNERDGGSIYNTQLIFDADGTLLLKRRKITPTYHERMVWGQGDGAGLKVLDTAVGKVGALACWEHYNPLARFALMAQHEQIHCAQFPGSLVGQIFTDQIEVTIRHHALESGCFVVNATGWLSPEQVAQITTDEKLQRVLSGGCNTAIIGPEGNHLCPPITDGEGIAIADLDFSLITKRKRMMDC,N#Cc1ccccc1,0.0,1b16,899417,https://doi.org/10.1002/prot.26019,True,,,
72049,EAIKVACVQAAPIYMDLEATVDKTIELMEEAARNNARLIAFPETWIPGYPWFLWLDSPAWAMQFVRQYHENSLELDGPQAKRISDAAKRLGIMVTLGMSERVGGTLYISQWFIGDNGDTIGARRKLKPTFVERTLFGEGDGSSLAVFETSVGRLGGLCCWEHLQPLTKYALYAQNEEIHCAAWPSFSLYPNAAKALGPDVNVAASRIYAVEGQCFVLASCALVSQSMIDMLCTDDEKHALLLAGGGHSRIIGPDGGDLVAPLAENEEGILYANLDPGVRILAKMAADP,N#Cc1ccc(N)cc1,0.0,2a6,152697,https://doi.org/10.1002/prot.26019,True,,,
72050,EAIKVACVQAAPIYMDLEATVDKTIELMEEAARNNARLIAFPETWIPGYPWFLWLDSPAWAMQFVRQYHENSLELDGPQAKRISDAAKRLGIMVTLGMSERVGGTLYISQWFIGDNGDTIGARRKLKPTFVERTLFGEGDGSSLAVFETSVGRLGGLCCWEHLQPLTKYALYAQNEEIHCAAWPSFSLYPNAAKALGPDVNVAASRIYAVEGQCFVLASCALVSQSMIDMLCTDDEKHALLLAGGGHSRIIGPDGGDLVAPLAENEEGILYANLDPGVRILAKMAADP,N#CCc1ccc([N+](=O)[O-])cc1,1.0,2a6,154682,https://doi.org/10.1002/prot.26019,True,,,
72051,EAIKVACVQAAPIYMDLEATVDKTIELMEEAARNNARLIAFPETWIPGYPWFLWLDSPAWAMQFVRQYHENSLELDGPQAKRISDAAKRLGIMVTLGMSERVGGTLYISQWFIGDNGDTIGARRKLKPTFVERTLFGEGDGSSLAVFETSVGRLGGLCCWEHLQPLTKYALYAQNEEIHCAAWPSFSLYPNAAKALGPDVNVAASRIYAVEGQCFVLASCALVSQSMIDMLCTDDEKHALLLAGGGHSRIIGPDGGDLVAPLAENEEGILYANLDPGVRILAKMAADP,CN(C)c1ccc(C#N)cc1,0.0,2a6,155390,https://doi.org/10.1002/prot.26019,True,,,
72052,EAIKVACVQAAPIYMDLEATVDKTIELMEEAARNNARLIAFPETWIPGYPWFLWLDSPAWAMQFVRQYHENSLELDGPQAKRISDAAKRLGIMVTLGMSERVGGTLYISQWFIGDNGDTIGARRKLKPTFVERTLFGEGDGSSLAVFETSVGRLGGLCCWEHLQPLTKYALYAQNEEIHCAAWPSFSLYPNAAKALGPDVNVAASRIYAVEGQCFVLASCALVSQSMIDMLCTDDEKHALLLAGGGHSRIIGPDGGDLVAPLAENEEGILYANLDPGVRILAKMAADP,N#Cc1ccc(Cl)cc1,1.0,2a6,157255,https://doi.org/10.1002/prot.26019,True,,,
72053,EAIKVACVQAAPIYMDLEATVDKTIELMEEAARNNARLIAFPETWIPGYPWFLWLDSPAWAMQFVRQYHENSLELDGPQAKRISDAAKRLGIMVTLGMSERVGGTLYISQWFIGDNGDTIGARRKLKPTFVERTLFGEGDGSSLAVFETSVGRLGGLCCWEHLQPLTKYALYAQNEEIHCAAWPSFSLYPNAAKALGPDVNVAASRIYAVEGQCFVLASCALVSQSMIDMLCTDDEKHALLLAGGGHSRIIGPDGGDLVAPLAENEEGILYANLDPGVRILAKMAADP,N#Cc1c(Cl)cccc1Cl,0.0,2a6,157318,https://doi.org/10.1002/prot.26019,True,,,
72054,EAIKVACVQAAPIYMDLEATVDKTIELMEEAARNNARLIAFPETWIPGYPWFLWLDSPAWAMQFVRQYHENSLELDGPQAKRISDAAKRLGIMVTLGMSERVGGTLYISQWFIGDNGDTIGARRKLKPTFVERTLFGEGDGSSLAVFETSVGRLGGLCCWEHLQPLTKYALYAQNEEIHCAAWPSFSLYPNAAKALGPDVNVAASRIYAVEGQCFVLASCALVSQSMIDMLCTDDEKHALLLAGGGHSRIIGPDGGDLVAPLAENEEGILYANLDPGVRILAKMAADP,N#Cc1ccccc1N,0.0,2a6,157544,https://doi.org/10.1002/prot.26019,True,,,
72055,EAIKVACVQAAPIYMDLEATVDKTIELMEEAARNNARLIAFPETWIPGYPWFLWLDSPAWAMQFVRQYHENSLELDGPQAKRISDAAKRLGIMVTLGMSERVGGTLYISQWFIGDNGDTIGARRKLKPTFVERTLFGEGDGSSLAVFETSVGRLGGLCCWEHLQPLTKYALYAQNEEIHCAAWPSFSLYPNAAKALGPDVNVAASRIYAVEGQCFVLASCALVSQSMIDMLCTDDEKHALLLAGGGHSRIIGPDGGDLVAPLAENEEGILYANLDPGVRILAKMAADP,COc1ccc(C#N)cc1,0.0,2a6,159092,https://doi.org/10.1002/prot.26019,True,,,
72056,EAIKVACVQAAPIYMDLEATVDKTIELMEEAARNNARLIAFPETWIPGYPWFLWLDSPAWAMQFVRQYHENSLELDGPQAKRISDAAKRLGIMVTLGMSERVGGTLYISQWFIGDNGDTIGARRKLKPTFVERTLFGEGDGSSLAVFETSVGRLGGLCCWEHLQPLTKYALYAQNEEIHCAAWPSFSLYPNAAKALGPDVNVAASRIYAVEGQCFVLASCALVSQSMIDMLCTDDEKHALLLAGGGHSRIIGPDGGDLVAPLAENEEGILYANLDPGVRILAKMAADP,N#C/C=C/c1ccccc1,0.0,2a6,1675000,https://doi.org/10.1002/prot.26019,True,,,
72057,EAIKVACVQAAPIYMDLEATVDKTIELMEEAARNNARLIAFPETWIPGYPWFLWLDSPAWAMQFVRQYHENSLELDGPQAKRISDAAKRLGIMVTLGMSERVGGTLYISQWFIGDNGDTIGARRKLKPTFVERTLFGEGDGSSLAVFETSVGRLGGLCCWEHLQPLTKYALYAQNEEIHCAAWPSFSLYPNAAKALGPDVNVAASRIYAVEGQCFVLASCALVSQSMIDMLCTDDEKHALLLAGGGHSRIIGPDGGDLVAPLAENEEGILYANLDPGVRILAKMAADP,N#CCCc1ccccc1,1.0,2a6,1747831,https://doi.org/10.1002/prot.26019,True,,,
72059,EAIKVACVQAAPIYMDLEATVDKTIELMEEAARNNARLIAFPETWIPGYPWFLWLDSPAWAMQFVRQYHENSLELDGPQAKRISDAAKRLGIMVTLGMSERVGGTLYISQWFIGDNGDTIGARRKLKPTFVERTLFGEGDGSSLAVFETSVGRLGGLCCWEHLQPLTKYALYAQNEEIHCAAWPSFSLYPNAAKALGPDVNVAASRIYAVEGQCFVLASCALVSQSMIDMLCTDDEKHALLLAGGGHSRIIGPDGGDLVAPLAENEEGILYANLDPGVRILAKMAADP,C[C@@H](C#N)CCC#N,1.0,2a6,2037734,https://doi.org/10.1002/prot.26019,True,,,
72060,EAIKVACVQAAPIYMDLEATVDKTIELMEEAARNNARLIAFPETWIPGYPWFLWLDSPAWAMQFVRQYHENSLELDGPQAKRISDAAKRLGIMVTLGMSERVGGTLYISQWFIGDNGDTIGARRKLKPTFVERTLFGEGDGSSLAVFETSVGRLGGLCCWEHLQPLTKYALYAQNEEIHCAAWPSFSLYPNAAKALGPDVNVAASRIYAVEGQCFVLASCALVSQSMIDMLCTDDEKHALLLAGGGHSRIIGPDGGDLVAPLAENEEGILYANLDPGVRILAKMAADP,C[C@@H](C#N)c1ccccc1,1.0,2a6,2039218,https://doi.org/10.1002/prot.26019,True,,,
72062,EAIKVACVQAAPIYMDLEATVDKTIELMEEAARNNARLIAFPETWIPGYPWFLWLDSPAWAMQFVRQYHENSLELDGPQAKRISDAAKRLGIMVTLGMSERVGGTLYISQWFIGDNGDTIGARRKLKPTFVERTLFGEGDGSSLAVFETSVGRLGGLCCWEHLQPLTKYALYAQNEEIHCAAWPSFSLYPNAAKALGPDVNVAASRIYAVEGQCFVLASCALVSQSMIDMLCTDDEKHALLLAGGGHSRIIGPDGGDLVAPLAENEEGILYANLDPGVRILAKMAADP,N#Cc1cccc(C#N)c1,1.0,2a6,388279,https://doi.org/10.1002/prot.26019,True,,,
72063,EAIKVACVQAAPIYMDLEATVDKTIELMEEAARNNARLIAFPETWIPGYPWFLWLDSPAWAMQFVRQYHENSLELDGPQAKRISDAAKRLGIMVTLGMSERVGGTLYISQWFIGDNGDTIGARRKLKPTFVERTLFGEGDGSSLAVFETSVGRLGGLCCWEHLQPLTKYALYAQNEEIHCAAWPSFSLYPNAAKALGPDVNVAASRIYAVEGQCFVLASCALVSQSMIDMLCTDDEKHALLLAGGGHSRIIGPDGGDLVAPLAENEEGILYANLDPGVRILAKMAADP,N#Cc1ccc(O)cc1,0.0,2a6,388759,https://doi.org/10.1002/prot.26019,True,,,
72065,EAIKVACVQAAPIYMDLEATVDKTIELMEEAARNNARLIAFPETWIPGYPWFLWLDSPAWAMQFVRQYHENSLELDGPQAKRISDAAKRLGIMVTLGMSERVGGTLYISQWFIGDNGDTIGARRKLKPTFVERTLFGEGDGSSLAVFETSVGRLGGLCCWEHLQPLTKYALYAQNEEIHCAAWPSFSLYPNAAKALGPDVNVAASRIYAVEGQCFVLASCALVSQSMIDMLCTDDEKHALLLAGGGHSRIIGPDGGDLVAPLAENEEGILYANLDPGVRILAKMAADP,N#CCC(=O)c1ccccc1,1.0,2a6,74119,https://doi.org/10.1002/prot.26019,True,,,
72067,EAIKVACVQAAPIYMDLEATVDKTIELMEEAARNNARLIAFPETWIPGYPWFLWLDSPAWAMQFVRQYHENSLELDGPQAKRISDAAKRLGIMVTLGMSERVGGTLYISQWFIGDNGDTIGARRKLKPTFVERTLFGEGDGSSLAVFETSVGRLGGLCCWEHLQPLTKYALYAQNEEIHCAAWPSFSLYPNAAKALGPDVNVAASRIYAVEGQCFVLASCALVSQSMIDMLCTDDEKHALLLAGGGHSRIIGPDGGDLVAPLAENEEGILYANLDPGVRILAKMAADP,N#Cc1ccccc1,0.0,2a6,899417,https://doi.org/10.1002/prot.26019,True,,,
72069,TARRLAAVHAAPVFMDTDATIDKVIGFVEQAGREGIELLVFPETFVPGYPYWIECYPPLQQVAANAQYTDASVEVPGPEIKRVQAACARAGVEVVLGVSERLRGTRTCFNSQVFIDADGSLLGVHRKLQPTYVERIVWAQGGGATLSVFGSRSGRIGGLACWEHTMNLARQALLEQEQQIHAAAWPALSTMAGFETVADAQIEAMMKTHALTAQVFVICASNPVDGTCLEWMRDNLGEQKFVTAGGGWSAVIHPFNSFLGGPHTGLEEKLVSATIDFSDIRLVKAWVDS,N#Cc1ccc(N)cc1,1.0,3a2,152697,https://doi.org/10.1002/prot.26019,True,,,
72070,TARRLAAVHAAPVFMDTDATIDKVIGFVEQAGREGIELLVFPETFVPGYPYWIECYPPLQQVAANAQYTDASVEVPGPEIKRVQAACARAGVEVVLGVSERLRGTRTCFNSQVFIDADGSLLGVHRKLQPTYVERIVWAQGGGATLSVFGSRSGRIGGLACWEHTMNLARQALLEQEQQIHAAAWPALSTMAGFETVADAQIEAMMKTHALTAQVFVICASNPVDGTCLEWMRDNLGEQKFVTAGGGWSAVIHPFNSFLGGPHTGLEEKLVSATIDFSDIRLVKAWVDS,N#CCc1ccc([N+](=O)[O-])cc1,0.0,3a2,154682,https://doi.org/10.1002/prot.26019,True,,,
72071,TARRLAAVHAAPVFMDTDATIDKVIGFVEQAGREGIELLVFPETFVPGYPYWIECYPPLQQVAANAQYTDASVEVPGPEIKRVQAACARAGVEVVLGVSERLRGTRTCFNSQVFIDADGSLLGVHRKLQPTYVERIVWAQGGGATLSVFGSRSGRIGGLACWEHTMNLARQALLEQEQQIHAAAWPALSTMAGFETVADAQIEAMMKTHALTAQVFVICASNPVDGTCLEWMRDNLGEQKFVTAGGGWSAVIHPFNSFLGGPHTGLEEKLVSATIDFSDIRLVKAWVDS,CN(C)c1ccc(C#N)cc1,0.0,3a2,155390,https://doi.org/10.1002/prot.26019,True,,,
72072,TARRLAAVHAAPVFMDTDATIDKVIGFVEQAGREGIELLVFPETFVPGYPYWIECYPPLQQVAANAQYTDASVEVPGPEIKRVQAACARAGVEVVLGVSERLRGTRTCFNSQVFIDADGSLLGVHRKLQPTYVERIVWAQGGGATLSVFGSRSGRIGGLACWEHTMNLARQALLEQEQQIHAAAWPALSTMAGFETVADAQIEAMMKTHALTAQVFVICASNPVDGTCLEWMRDNLGEQKFVTAGGGWSAVIHPFNSFLGGPHTGLEEKLVSATIDFSDIRLVKAWVDS,N#Cc1ccc(Cl)cc1,1.0,3a2,157255,https://doi.org/10.1002/prot.26019,True,,,
72073,TARRLAAVHAAPVFMDTDATIDKVIGFVEQAGREGIELLVFPETFVPGYPYWIECYPPLQQVAANAQYTDASVEVPGPEIKRVQAACARAGVEVVLGVSERLRGTRTCFNSQVFIDADGSLLGVHRKLQPTYVERIVWAQGGGATLSVFGSRSGRIGGLACWEHTMNLARQALLEQEQQIHAAAWPALSTMAGFETVADAQIEAMMKTHALTAQVFVICASNPVDGTCLEWMRDNLGEQKFVTAGGGWSAVIHPFNSFLGGPHTGLEEKLVSATIDFSDIRLVKAWVDS,N#Cc1c(Cl)cccc1Cl,0.0,3a2,157318,https://doi.org/10.1002/prot.26019,True,,,
72074,TARRLAAVHAAPVFMDTDATIDKVIGFVEQAGREGIELLVFPETFVPGYPYWIECYPPLQQVAANAQYTDASVEVPGPEIKRVQAACARAGVEVVLGVSERLRGTRTCFNSQVFIDADGSLLGVHRKLQPTYVERIVWAQGGGATLSVFGSRSGRIGGLACWEHTMNLARQALLEQEQQIHAAAWPALSTMAGFETVADAQIEAMMKTHALTAQVFVICASNPVDGTCLEWMRDNLGEQKFVTAGGGWSAVIHPFNSFLGGPHTGLEEKLVSATIDFSDIRLVKAWVDS,N#Cc1ccccc1N,0.0,3a2,157544,https://doi.org/10.1002/prot.26019,True,,,
72075,TARRLAAVHAAPVFMDTDATIDKVIGFVEQAGREGIELLVFPETFVPGYPYWIECYPPLQQVAANAQYTDASVEVPGPEIKRVQAACARAGVEVVLGVSERLRGTRTCFNSQVFIDADGSLLGVHRKLQPTYVERIVWAQGGGATLSVFGSRSGRIGGLACWEHTMNLARQALLEQEQQIHAAAWPALSTMAGFETVADAQIEAMMKTHALTAQVFVICASNPVDGTCLEWMRDNLGEQKFVTAGGGWSAVIHPFNSFLGGPHTGLEEKLVSATIDFSDIRLVKAWVDS,COc1ccc(C#N)cc1,1.0,3a2,159092,https://doi.org/10.1002/prot.26019,True,,,
72076,TARRLAAVHAAPVFMDTDATIDKVIGFVEQAGREGIELLVFPETFVPGYPYWIECYPPLQQVAANAQYTDASVEVPGPEIKRVQAACARAGVEVVLGVSERLRGTRTCFNSQVFIDADGSLLGVHRKLQPTYVERIVWAQGGGATLSVFGSRSGRIGGLACWEHTMNLARQALLEQEQQIHAAAWPALSTMAGFETVADAQIEAMMKTHALTAQVFVICASNPVDGTCLEWMRDNLGEQKFVTAGGGWSAVIHPFNSFLGGPHTGLEEKLVSATIDFSDIRLVKAWVDS,N#C/C=C/c1ccccc1,1.0,3a2,1675000,https://doi.org/10.1002/prot.26019,True,,,
72077,TARRLAAVHAAPVFMDTDATIDKVIGFVEQAGREGIELLVFPETFVPGYPYWIECYPPLQQVAANAQYTDASVEVPGPEIKRVQAACARAGVEVVLGVSERLRGTRTCFNSQVFIDADGSLLGVHRKLQPTYVERIVWAQGGGATLSVFGSRSGRIGGLACWEHTMNLARQALLEQEQQIHAAAWPALSTMAGFETVADAQIEAMMKTHALTAQVFVICASNPVDGTCLEWMRDNLGEQKFVTAGGGWSAVIHPFNSFLGGPHTGLEEKLVSATIDFSDIRLVKAWVDS,N#CCCc1ccccc1,0.0,3a2,1747831,https://doi.org/10.1002/prot.26019,True,,,
72079,TARRLAAVHAAPVFMDTDATIDKVIGFVEQAGREGIELLVFPETFVPGYPYWIECYPPLQQVAANAQYTDASVEVPGPEIKRVQAACARAGVEVVLGVSERLRGTRTCFNSQVFIDADGSLLGVHRKLQPTYVERIVWAQGGGATLSVFGSRSGRIGGLACWEHTMNLARQALLEQEQQIHAAAWPALSTMAGFETVADAQIEAMMKTHALTAQVFVICASNPVDGTCLEWMRDNLGEQKFVTAGGGWSAVIHPFNSFLGGPHTGLEEKLVSATIDFSDIRLVKAWVDS,C[C@@H](C#N)CCC#N,1.0,3a2,2037734,https://doi.org/10.1002/prot.26019,True,,,
72080,TARRLAAVHAAPVFMDTDATIDKVIGFVEQAGREGIELLVFPETFVPGYPYWIECYPPLQQVAANAQYTDASVEVPGPEIKRVQAACARAGVEVVLGVSERLRGTRTCFNSQVFIDADGSLLGVHRKLQPTYVERIVWAQGGGATLSVFGSRSGRIGGLACWEHTMNLARQALLEQEQQIHAAAWPALSTMAGFETVADAQIEAMMKTHALTAQVFVICASNPVDGTCLEWMRDNLGEQKFVTAGGGWSAVIHPFNSFLGGPHTGLEEKLVSATIDFSDIRLVKAWVDS,C[C@@H](C#N)c1ccccc1,0.0,3a2,2039218,https://doi.org/10.1002/prot.26019,True,,,
72082,TARRLAAVHAAPVFMDTDATIDKVIGFVEQAGREGIELLVFPETFVPGYPYWIECYPPLQQVAANAQYTDASVEVPGPEIKRVQAACARAGVEVVLGVSERLRGTRTCFNSQVFIDADGSLLGVHRKLQPTYVERIVWAQGGGATLSVFGSRSGRIGGLACWEHTMNLARQALLEQEQQIHAAAWPALSTMAGFETVADAQIEAMMKTHALTAQVFVICASNPVDGTCLEWMRDNLGEQKFVTAGGGWSAVIHPFNSFLGGPHTGLEEKLVSATIDFSDIRLVKAWVDS,N#Cc1cccc(C#N)c1,1.0,3a2,388279,https://doi.org/10.1002/prot.26019,True,,,
72083,TARRLAAVHAAPVFMDTDATIDKVIGFVEQAGREGIELLVFPETFVPGYPYWIECYPPLQQVAANAQYTDASVEVPGPEIKRVQAACARAGVEVVLGVSERLRGTRTCFNSQVFIDADGSLLGVHRKLQPTYVERIVWAQGGGATLSVFGSRSGRIGGLACWEHTMNLARQALLEQEQQIHAAAWPALSTMAGFETVADAQIEAMMKTHALTAQVFVICASNPVDGTCLEWMRDNLGEQKFVTAGGGWSAVIHPFNSFLGGPHTGLEEKLVSATIDFSDIRLVKAWVDS,N#Cc1ccc(O)cc1,0.0,3a2,388759,https://doi.org/10.1002/prot.26019,True,,,
72085,TARRLAAVHAAPVFMDTDATIDKVIGFVEQAGREGIELLVFPETFVPGYPYWIECYPPLQQVAANAQYTDASVEVPGPEIKRVQAACARAGVEVVLGVSERLRGTRTCFNSQVFIDADGSLLGVHRKLQPTYVERIVWAQGGGATLSVFGSRSGRIGGLACWEHTMNLARQALLEQEQQIHAAAWPALSTMAGFETVADAQIEAMMKTHALTAQVFVICASNPVDGTCLEWMRDNLGEQKFVTAGGGWSAVIHPFNSFLGGPHTGLEEKLVSATIDFSDIRLVKAWVDS,N#CCC(=O)c1ccccc1,0.0,3a2,74119,https://doi.org/10.1002/prot.26019,True,,,
72087,TARRLAAVHAAPVFMDTDATIDKVIGFVEQAGREGIELLVFPETFVPGYPYWIECYPPLQQVAANAQYTDASVEVPGPEIKRVQAACARAGVEVVLGVSERLRGTRTCFNSQVFIDADGSLLGVHRKLQPTYVERIVWAQGGGATLSVFGSRSGRIGGLACWEHTMNLARQALLEQEQQIHAAAWPALSTMAGFETVADAQIEAMMKTHALTAQVFVICASNPVDGTCLEWMRDNLGEQKFVTAGGGWSAVIHPFNSFLGGPHTGLEEKLVSATIDFSDIRLVKAWVDS,N#Cc1ccccc1,0.0,3a2,899417,https://doi.org/10.1002/prot.26019,True,,,
72089,IMLNYTKNIRAAAAQISPVLFSQQGTMEKVLDAIANAAKKGVELIVFPETFVPYYPYFSFVEPPVLMGKSHLKLYQEAVTVPGKVTQAIAQAAKTHGMVVVLGVNEREEGSLYNTQLIFDADGALVLKRRKITPTYHERMVWGQGDGAGLRTVDTTVGRLGALACWEHYNPLARYALMAQHEQIHCGQFPGSMVGQIFADQMEVTMRHHALESGCFVINATGWLTAEQKLQITTDEKMHQALSGGCYTAIISPEGKHLCEPIAEGEGLAIADLDFSLIAKRKRMMD,N#Cc1ccc(N)cc1,0.0,3wuy,152697,https://doi.org/10.1002/prot.26019,True,,,
72090,IMLNYTKNIRAAAAQISPVLFSQQGTMEKVLDAIANAAKKGVELIVFPETFVPYYPYFSFVEPPVLMGKSHLKLYQEAVTVPGKVTQAIAQAAKTHGMVVVLGVNEREEGSLYNTQLIFDADGALVLKRRKITPTYHERMVWGQGDGAGLRTVDTTVGRLGALACWEHYNPLARYALMAQHEQIHCGQFPGSMVGQIFADQMEVTMRHHALESGCFVINATGWLTAEQKLQITTDEKMHQALSGGCYTAIISPEGKHLCEPIAEGEGLAIADLDFSLIAKRKRMMD,N#CCc1ccc([N+](=O)[O-])cc1,0.0,3wuy,154682,https://doi.org/10.1002/prot.26019,True,,,
72091,IMLNYTKNIRAAAAQISPVLFSQQGTMEKVLDAIANAAKKGVELIVFPETFVPYYPYFSFVEPPVLMGKSHLKLYQEAVTVPGKVTQAIAQAAKTHGMVVVLGVNEREEGSLYNTQLIFDADGALVLKRRKITPTYHERMVWGQGDGAGLRTVDTTVGRLGALACWEHYNPLARYALMAQHEQIHCGQFPGSMVGQIFADQMEVTMRHHALESGCFVINATGWLTAEQKLQITTDEKMHQALSGGCYTAIISPEGKHLCEPIAEGEGLAIADLDFSLIAKRKRMMD,CN(C)c1ccc(C#N)cc1,0.0,3wuy,155390,https://doi.org/10.1002/prot.26019,True,,,
72092,IMLNYTKNIRAAAAQISPVLFSQQGTMEKVLDAIANAAKKGVELIVFPETFVPYYPYFSFVEPPVLMGKSHLKLYQEAVTVPGKVTQAIAQAAKTHGMVVVLGVNEREEGSLYNTQLIFDADGALVLKRRKITPTYHERMVWGQGDGAGLRTVDTTVGRLGALACWEHYNPLARYALMAQHEQIHCGQFPGSMVGQIFADQMEVTMRHHALESGCFVINATGWLTAEQKLQITTDEKMHQALSGGCYTAIISPEGKHLCEPIAEGEGLAIADLDFSLIAKRKRMMD,N#Cc1ccc(Cl)cc1,1.0,3wuy,157255,https://doi.org/10.1002/prot.26019,True,,,
72093,IMLNYTKNIRAAAAQISPVLFSQQGTMEKVLDAIANAAKKGVELIVFPETFVPYYPYFSFVEPPVLMGKSHLKLYQEAVTVPGKVTQAIAQAAKTHGMVVVLGVNEREEGSLYNTQLIFDADGALVLKRRKITPTYHERMVWGQGDGAGLRTVDTTVGRLGALACWEHYNPLARYALMAQHEQIHCGQFPGSMVGQIFADQMEVTMRHHALESGCFVINATGWLTAEQKLQITTDEKMHQALSGGCYTAIISPEGKHLCEPIAEGEGLAIADLDFSLIAKRKRMMD,N#Cc1c(Cl)cccc1Cl,0.0,3wuy,157318,https://doi.org/10.1002/prot.26019,True,,,
72094,IMLNYTKNIRAAAAQISPVLFSQQGTMEKVLDAIANAAKKGVELIVFPETFVPYYPYFSFVEPPVLMGKSHLKLYQEAVTVPGKVTQAIAQAAKTHGMVVVLGVNEREEGSLYNTQLIFDADGALVLKRRKITPTYHERMVWGQGDGAGLRTVDTTVGRLGALACWEHYNPLARYALMAQHEQIHCGQFPGSMVGQIFADQMEVTMRHHALESGCFVINATGWLTAEQKLQITTDEKMHQALSGGCYTAIISPEGKHLCEPIAEGEGLAIADLDFSLIAKRKRMMD,N#Cc1ccccc1N,0.0,3wuy,157544,https://doi.org/10.1002/prot.26019,True,,,
72095,IMLNYTKNIRAAAAQISPVLFSQQGTMEKVLDAIANAAKKGVELIVFPETFVPYYPYFSFVEPPVLMGKSHLKLYQEAVTVPGKVTQAIAQAAKTHGMVVVLGVNEREEGSLYNTQLIFDADGALVLKRRKITPTYHERMVWGQGDGAGLRTVDTTVGRLGALACWEHYNPLARYALMAQHEQIHCGQFPGSMVGQIFADQMEVTMRHHALESGCFVINATGWLTAEQKLQITTDEKMHQALSGGCYTAIISPEGKHLCEPIAEGEGLAIADLDFSLIAKRKRMMD,COc1ccc(C#N)cc1,1.0,3wuy,159092,https://doi.org/10.1002/prot.26019,True,,,
72096,IMLNYTKNIRAAAAQISPVLFSQQGTMEKVLDAIANAAKKGVELIVFPETFVPYYPYFSFVEPPVLMGKSHLKLYQEAVTVPGKVTQAIAQAAKTHGMVVVLGVNEREEGSLYNTQLIFDADGALVLKRRKITPTYHERMVWGQGDGAGLRTVDTTVGRLGALACWEHYNPLARYALMAQHEQIHCGQFPGSMVGQIFADQMEVTMRHHALESGCFVINATGWLTAEQKLQITTDEKMHQALSGGCYTAIISPEGKHLCEPIAEGEGLAIADLDFSLIAKRKRMMD,N#C/C=C/c1ccccc1,1.0,3wuy,1675000,https://doi.org/10.1002/prot.26019,True,,,
72097,IMLNYTKNIRAAAAQISPVLFSQQGTMEKVLDAIANAAKKGVELIVFPETFVPYYPYFSFVEPPVLMGKSHLKLYQEAVTVPGKVTQAIAQAAKTHGMVVVLGVNEREEGSLYNTQLIFDADGALVLKRRKITPTYHERMVWGQGDGAGLRTVDTTVGRLGALACWEHYNPLARYALMAQHEQIHCGQFPGSMVGQIFADQMEVTMRHHALESGCFVINATGWLTAEQKLQITTDEKMHQALSGGCYTAIISPEGKHLCEPIAEGEGLAIADLDFSLIAKRKRMMD,N#CCCc1ccccc1,1.0,3wuy,1747831,https://doi.org/10.1002/prot.26019,True,,,
72099,IMLNYTKNIRAAAAQISPVLFSQQGTMEKVLDAIANAAKKGVELIVFPETFVPYYPYFSFVEPPVLMGKSHLKLYQEAVTVPGKVTQAIAQAAKTHGMVVVLGVNEREEGSLYNTQLIFDADGALVLKRRKITPTYHERMVWGQGDGAGLRTVDTTVGRLGALACWEHYNPLARYALMAQHEQIHCGQFPGSMVGQIFADQMEVTMRHHALESGCFVINATGWLTAEQKLQITTDEKMHQALSGGCYTAIISPEGKHLCEPIAEGEGLAIADLDFSLIAKRKRMMD,C[C@@H](C#N)CCC#N,0.0,3wuy,2037734,https://doi.org/10.1002/prot.26019,True,,,
72100,IMLNYTKNIRAAAAQISPVLFSQQGTMEKVLDAIANAAKKGVELIVFPETFVPYYPYFSFVEPPVLMGKSHLKLYQEAVTVPGKVTQAIAQAAKTHGMVVVLGVNEREEGSLYNTQLIFDADGALVLKRRKITPTYHERMVWGQGDGAGLRTVDTTVGRLGALACWEHYNPLARYALMAQHEQIHCGQFPGSMVGQIFADQMEVTMRHHALESGCFVINATGWLTAEQKLQITTDEKMHQALSGGCYTAIISPEGKHLCEPIAEGEGLAIADLDFSLIAKRKRMMD,C[C@@H](C#N)c1ccccc1,0.0,3wuy,2039218,https://doi.org/10.1002/prot.26019,True,,,
72102,IMLNYTKNIRAAAAQISPVLFSQQGTMEKVLDAIANAAKKGVELIVFPETFVPYYPYFSFVEPPVLMGKSHLKLYQEAVTVPGKVTQAIAQAAKTHGMVVVLGVNEREEGSLYNTQLIFDADGALVLKRRKITPTYHERMVWGQGDGAGLRTVDTTVGRLGALACWEHYNPLARYALMAQHEQIHCGQFPGSMVGQIFADQMEVTMRHHALESGCFVINATGWLTAEQKLQITTDEKMHQALSGGCYTAIISPEGKHLCEPIAEGEGLAIADLDFSLIAKRKRMMD,N#Cc1cccc(C#N)c1,0.0,3wuy,388279,https://doi.org/10.1002/prot.26019,True,,,
72103,IMLNYTKNIRAAAAQISPVLFSQQGTMEKVLDAIANAAKKGVELIVFPETFVPYYPYFSFVEPPVLMGKSHLKLYQEAVTVPGKVTQAIAQAAKTHGMVVVLGVNEREEGSLYNTQLIFDADGALVLKRRKITPTYHERMVWGQGDGAGLRTVDTTVGRLGALACWEHYNPLARYALMAQHEQIHCGQFPGSMVGQIFADQMEVTMRHHALESGCFVINATGWLTAEQKLQITTDEKMHQALSGGCYTAIISPEGKHLCEPIAEGEGLAIADLDFSLIAKRKRMMD,N#Cc1ccc(O)cc1,0.0,3wuy,388759,https://doi.org/10.1002/prot.26019,True,,,
72105,IMLNYTKNIRAAAAQISPVLFSQQGTMEKVLDAIANAAKKGVELIVFPETFVPYYPYFSFVEPPVLMGKSHLKLYQEAVTVPGKVTQAIAQAAKTHGMVVVLGVNEREEGSLYNTQLIFDADGALVLKRRKITPTYHERMVWGQGDGAGLRTVDTTVGRLGALACWEHYNPLARYALMAQHEQIHCGQFPGSMVGQIFADQMEVTMRHHALESGCFVINATGWLTAEQKLQITTDEKMHQALSGGCYTAIISPEGKHLCEPIAEGEGLAIADLDFSLIAKRKRMMD,N#CCC(=O)c1ccccc1,0.0,3wuy,74119,https://doi.org/10.1002/prot.26019,True,,,
72107,IMLNYTKNIRAAAAQISPVLFSQQGTMEKVLDAIANAAKKGVELIVFPETFVPYYPYFSFVEPPVLMGKSHLKLYQEAVTVPGKVTQAIAQAAKTHGMVVVLGVNEREEGSLYNTQLIFDADGALVLKRRKITPTYHERMVWGQGDGAGLRTVDTTVGRLGALACWEHYNPLARYALMAQHEQIHCGQFPGSMVGQIFADQMEVTMRHHALESGCFVINATGWLTAEQKLQITTDEKMHQALSGGCYTAIISPEGKHLCEPIAEGEGLAIADLDFSLIAKRKRMMD,N#Cc1ccccc1,0.0,3wuy,899417,https://doi.org/10.1002/prot.26019,True,,,
